Lipid,SMILES,Target
A17C5B11,CCCCCCCC\C=C/CCCCCCCCNC(=O)C(CCCCCOC(=O)CCCCCCC\C=C/CCCCCCCC)NCCCN(C)CCCN,0.475361577
A17C4B11,CCCCCCCCCCCCCCCCCCNC(=O)C(CCCCCOC(=O)CCCCCCC\C=C/CCCCCCCC)NCCCN(C)CCCN,0.069627748
A17C1B11,CCCCCCCCCCCCNC(=O)C(CCCCCOC(=O)CCCCCCC\C=C/CCCCCCCC)NCCCN(C)CCCN,3.245195483
A17C2B11,CCCCCCCCCCCCCCNC(=O)C(CCCCCOC(=O)CCCCCCC\C=C/CCCCCCCC)NCCCN(C)CCCN,2.508356558
A17C3B11,CCCCCCCCCCCCCCCCNC(=O)C(CCCCCOC(=O)CCCCCCC\C=C/CCCCCCCC)NCCCN(C)CCCN,0.27619582
A18C5B11,CCCCCCCC\C=C/CCCCCCCCNC(=O)C(CCCCCOC(=O)CCCCCCC\C=C/CCCCCCCC)NCC1CCCN1CC,2.358905592
A18C4B11,CCCCCCCCCCCCCCCCCCNC(=O)C(CCCCCOC(=O)CCCCCCC\C=C/CCCCCCCC)NCC1CCCN1CC,-0.261927903
A18C1B11,CCCCCCCCCCCCNC(=O)C(CCCCCOC(=O)CCCCCCC\C=C/CCCCCCCC)NCC1CCCN1CC,0.263992634
A18C2B11,CCCCCCCCCCCCCCNC(=O)C(CCCCCOC(=O)CCCCCCC\C=C/CCCCCCCC)NCC1CCCN1CC,-0.265149177
A18C3B11,CCCCCCCCCCCCCCCCNC(=O)C(CCCCCOC(=O)CCCCCCC\C=C/CCCCCCCC)NCC1CCCN1CC,1.55607969
A19C5B11,CCCCCCCC\C=C/CCCCCCCCNC(=O)C(CCCCCOC(=O)CCCCCCC\C=C/CCCCCCCC)NCCN1CCNCC1,0.149707077
A19C4B11,CCCCCCCCCCCCCCCCCCNC(=O)C(CCCCCOC(=O)CCCCCCC\C=C/CCCCCCCC)NCCN1CCNCC1,-0.565265136
A19C1B11,CCCCCCCCCCCCNC(=O)C(CCCCCOC(=O)CCCCCCC\C=C/CCCCCCCC)NCCN1CCNCC1,-0.1391478
A19C2B11,CCCCCCCCCCCCCCNC(=O)C(CCCCCOC(=O)CCCCCCC\C=C/CCCCCCCC)NCCN1CCNCC1,0.749046849
A19C3B11,CCCCCCCCCCCCCCCCNC(=O)C(CCCCCOC(=O)CCCCCCC\C=C/CCCCCCCC)NCCN1CCNCC1,0.03583388
A20C5B11,CCCCCCCC\C=C/CCCCCCCCNC(=O)C(CCCCCOC(=O)CCCCCCC\C=C/CCCCCCCC)NC1CCNCC1,0.572777979
A20C4B11,CCCCCCCCCCCCCCCCCCNC(=O)C(CCCCCOC(=O)CCCCCCC\C=C/CCCCCCCC)NC1CCNCC1,7.076530865
A20C1B11,CCCCCCCCCCCCNC(=O)C(CCCCCOC(=O)CCCCCCC\C=C/CCCCCCCC)NC1CCNCC1,0.944948787
A20C2B11,CCCCCCCCCCCCCCNC(=O)C(CCCCCOC(=O)CCCCCCC\C=C/CCCCCCCC)NC1CCNCC1,1.518686911
A20C3B11,CCCCCCCCCCCCCCCCNC(=O)C(CCCCCOC(=O)CCCCCCC\C=C/CCCCCCCC)NC1CCNCC1,0.73715007
A1C5B11,CCCCCCCC\C=C/CCCCCCCCNC(=O)C(CCCCCOC(=O)CCCCCCC\C=C/CCCCCCCC)NCCN(C)C,12.60902867
A1C4B11,CCCCCCCCCCCCCCCCCCNC(=O)C(CCCCCOC(=O)CCCCCCC\C=C/CCCCCCCC)NCCN(C)C,-0.399794637
A1C1B11,CCCCCCCCCCCCNC(=O)C(CCCCCOC(=O)CCCCCCC\C=C/CCCCCCCC)NCCN(C)C,4.960399935
A1C2B11,CCCCCCCCCCCCCCNC(=O)C(CCCCCOC(=O)CCCCCCC\C=C/CCCCCCCC)NCCN(C)C,1.290112008
A1C3B11,CCCCCCCCCCCCCCCCNC(=O)C(CCCCCOC(=O)CCCCCCC\C=C/CCCCCCCC)NCCN(C)C,4.66857609
A6C5B11,CCCCCCCC\C=C/CCCCCCCCNC(=O)C(CCCCCOC(=O)CCCCCCC\C=C/CCCCCCCC)NCCCN(C)C,2.028066028
A6C4B11,CCCCCCCCCCCCCCCCCCNC(=O)C(CCCCCOC(=O)CCCCCCC\C=C/CCCCCCCC)NCCCN(C)C,1.128930609
A6C1B11,CCCCCCCCCCCCNC(=O)C(CCCCCOC(=O)CCCCCCC\C=C/CCCCCCCC)NCCCN(C)C,1.3041989
A6C2B11,CCCCCCCCCCCCCCNC(=O)C(CCCCCOC(=O)CCCCCCC\C=C/CCCCCCCC)NCCCN(C)C,0.562844528
A6C3B11,CCCCCCCCCCCCCCCCNC(=O)C(CCCCCOC(=O)CCCCCCC\C=C/CCCCCCCC)NCCCN(C)C,2.52952542
A3C5B11,CCCCCCCC\C=C/CCCCCCCCNC(=O)C(CCCCCOC(=O)CCCCCCC\C=C/CCCCCCCC)NCCCN(CC)CC,5.941694963
A3C4B11,CCCCCCCCCCCCCCCCCCNC(=O)C(CCCCCOC(=O)CCCCCCC\C=C/CCCCCCCC)NCCCN(CC)CC,1.443078314
A3C1B11,CCCCCCCCCCCCNC(=O)C(CCCCCOC(=O)CCCCCCC\C=C/CCCCCCCC)NCCCN(CC)CC,9.036750365
A3C2B11,CCCCCCCCCCCCCCNC(=O)C(CCCCCOC(=O)CCCCCCC\C=C/CCCCCCCC)NCCCN(CC)CC,9.607806483
A3C3B11,CCCCCCCCCCCCCCCCNC(=O)C(CCCCCOC(=O)CCCCCCC\C=C/CCCCCCCC)NCCCN(CC)CC,8.07290608
A8C5B11,CCCCCCCC\C=C/CCCCCCCCNC(=O)C(CCCCCOC(=O)CCCCCCC\C=C/CCCCCCCC)NCCCN(CCCC)CCCC,-0.280059072
A8C4B11,CCCCCCCCCCCCCCCCCCNC(=O)C(CCCCCOC(=O)CCCCCCC\C=C/CCCCCCCC)NCCCN(CCCC)CCCC,1.017377879
A8C1B11,CCCCCCCCCCCCNC(=O)C(CCCCCOC(=O)CCCCCCC\C=C/CCCCCCCC)NCCCN(CCCC)CCCC,2.482276837
A8C2B11,CCCCCCCCCCCCCCNC(=O)C(CCCCCOC(=O)CCCCCCC\C=C/CCCCCCCC)NCCCN(CCCC)CCCC,1.983195286
A8C3B11,CCCCCCCCCCCCCCCCNC(=O)C(CCCCCOC(=O)CCCCCCC\C=C/CCCCCCCC)NCCCN(CCCC)CCCC,0.69286771
A2C5B11,CCCCCCCC\C=C/CCCCCCCCNC(=O)C(CCCCCOC(=O)CCCCCCC\C=C/CCCCCCCC)NCCCN1CCCC1,13.14953009
A2C4B11,CCCCCCCCCCCCCCCCCCNC(=O)C(CCCCCOC(=O)CCCCCCC\C=C/CCCCCCCC)NCCCN1CCCC1,3.40542003
A2C1B11,CCCCCCCCCCCCNC(=O)C(CCCCCOC(=O)CCCCCCC\C=C/CCCCCCCC)NCCCN1CCCC1,9.439204382
A2C2B11,CCCCCCCCCCCCCCNC(=O)C(CCCCCOC(=O)CCCCCCC\C=C/CCCCCCCC)NCCCN1CCCC1,10.58995902
A2C3B11,CCCCCCCCCCCCCCCCNC(=O)C(CCCCCOC(=O)CCCCCCC\C=C/CCCCCCCC)NCCCN1CCCC1,8.87363773
A7C5B11,CCCCCCCC\C=C/CCCCCCCCNC(=O)C(CCCCCOC(=O)CCCCCCC\C=C/CCCCCCCC)NCCCN1CCOCC1,0.230576412
A7C4B11,CCCCCCCCCCCCCCCCCCNC(=O)C(CCCCCOC(=O)CCCCCCC\C=C/CCCCCCCC)NCCCN1CCOCC1,0.789240194
A7C1B11,CCCCCCCCCCCCNC(=O)C(CCCCCOC(=O)CCCCCCC\C=C/CCCCCCCC)NCCCN1CCOCC1,1.901742048
A7C2B11,CCCCCCCCCCCCCCNC(=O)C(CCCCCOC(=O)CCCCCCC\C=C/CCCCCCCC)NCCCN1CCOCC1,1.351623747
A7C3B11,CCCCCCCCCCCCCCCCNC(=O)C(CCCCCOC(=O)CCCCCCC\C=C/CCCCCCCC)NCCCN1CCOCC1,1.10326685
A4C5B11,CCCCCCCC\C=C/CCCCCCCCNC(=O)C(CCCCCOC(=O)CCCCCCC\C=C/CCCCCCCC)NCCN(CC)CC,3.81948817
A4C4B11,CCCCCCCCCCCCCCCCCCNC(=O)C(CCCCCOC(=O)CCCCCCC\C=C/CCCCCCCC)NCCN(CC)CC,2.583601009
A4C1B11,CCCCCCCCCCCCNC(=O)C(CCCCCOC(=O)CCCCCCC\C=C/CCCCCCCC)NCCN(CC)CC,8.758083321
A4C2B11,CCCCCCCCCCCCCCNC(=O)C(CCCCCOC(=O)CCCCCCC\C=C/CCCCCCCC)NCCN(CC)CC,11.33993178
A4C3B11,CCCCCCCCCCCCCCCCNC(=O)C(CCCCCOC(=O)CCCCCCC\C=C/CCCCCCCC)NCCN(CC)CC,8.98750841
A11C5B11,CCCCCCCC\C=C/CCCCCCCCNC(=O)C(CCCCCOC(=O)CCCCCCC\C=C/CCCCCCCC)NN1CCOCC1,0.222392421
A11C4B11,CCCCCCCCCCCCCCCCCCNC(=O)C(CCCCCOC(=O)CCCCCCC\C=C/CCCCCCCC)NN1CCOCC1,0.427566965
A11C1B11,CCCCCCCCCCCCNC(=O)C(CCCCCOC(=O)CCCCCCC\C=C/CCCCCCCC)NN1CCOCC1,0.949029385
A11C2B11,CCCCCCCCCCCCCCNC(=O)C(CCCCCOC(=O)CCCCCCC\C=C/CCCCCCCC)NN1CCOCC1,0.990506612
A11C3B11,CCCCCCCCCCCCCCCCNC(=O)C(CCCCCOC(=O)CCCCCCC\C=C/CCCCCCCC)NN1CCOCC1,-0.114241
A12C5B11,CCCCCCCC\C=C/CCCCCCCCNC(=O)C(CCCCCOC(=O)CCCCCCC\C=C/CCCCCCCC)NC1CCN(C)CC1,0.058893689
A12C4B11,CCCCCCCCCCCCCCCCCCNC(=O)C(CCCCCOC(=O)CCCCCCC\C=C/CCCCCCCC)NC1CCN(C)CC1,-0.476170086
A12C1B11,CCCCCCCCCCCCNC(=O)C(CCCCCOC(=O)CCCCCCC\C=C/CCCCCCCC)NC1CCN(C)CC1,0.252835398
A12C2B11,CCCCCCCCCCCCCCNC(=O)C(CCCCCOC(=O)CCCCCCC\C=C/CCCCCCCC)NC1CCN(C)CC1,0.47993415
A12C3B11,CCCCCCCCCCCCCCCCNC(=O)C(CCCCCOC(=O)CCCCCCC\C=C/CCCCCCCC)NC1CCN(C)CC1,0.22954797
A14C5B11,CCCCCCCC\C=C/CCCCCCCCNC(=O)C(CCCCCOC(=O)CCCCCCC\C=C/CCCCCCCC)NC1=CNN=C1,10.55026581
A14C4B11,CCCCCCCCCCCCCCCCCCNC(=O)C(CCCCCOC(=O)CCCCCCC\C=C/CCCCCCCC)NC1=CNN=C1,9.787692132
A14C1B11,CCCCCCCCCCCCNC(=O)C(CCCCCOC(=O)CCCCCCC\C=C/CCCCCCCC)NC1=CNN=C1,9.248840331
A14C2B11,CCCCCCCCCCCCCCNC(=O)C(CCCCCOC(=O)CCCCCCC\C=C/CCCCCCCC)NC1=CNN=C1,11.05687837
A14C3B11,CCCCCCCCCCCCCCCCNC(=O)C(CCCCCOC(=O)CCCCCCC\C=C/CCCCCCCC)NC1=CNN=C1,9.74167141
A9C5B11,CCCCCCCC\C=C/CCCCCCCCNC(=O)C(CCCCCOC(=O)CCCCCCC\C=C/CCCCCCCC)NC1=CC(C)=NN1C,0.115477217
A9C4B11,CCCCCCCCCCCCCCCCCCNC(=O)C(CCCCCOC(=O)CCCCCCC\C=C/CCCCCCCC)NC1=CC(C)=NN1C,-0.370044438
A9C1B11,CCCCCCCCCCCCNC(=O)C(CCCCCOC(=O)CCCCCCC\C=C/CCCCCCCC)NC1=CC(C)=NN1C,3.83942951
A9C2B11,CCCCCCCCCCCCCCNC(=O)C(CCCCCOC(=O)CCCCCCC\C=C/CCCCCCCC)NC1=CC(C)=NN1C,-1.229235888
A9C3B11,CCCCCCCCCCCCCCCCNC(=O)C(CCCCCOC(=O)CCCCCCC\C=C/CCCCCCCC)NC1=CC(C)=NN1C,-1.0154218
A13C5B11,CCCCCCCC\C=C/CCCCCCCCNC(=O)C(CCCCCOC(=O)CCCCCCC\C=C/CCCCCCCC)NN1CCCCC1,1.273018494
A13C4B11,CCCCCCCCCCCCCCCCCCNC(=O)C(CCCCCOC(=O)CCCCCCC\C=C/CCCCCCCC)NN1CCCCC1,0.304815447
A13C1B11,CCCCCCCCCCCCNC(=O)C(CCCCCOC(=O)CCCCCCC\C=C/CCCCCCCC)NN1CCCCC1,3.552969717
A13C2B11,CCCCCCCCCCCCCCNC(=O)C(CCCCCOC(=O)CCCCCCC\C=C/CCCCCCCC)NN1CCCCC1,1.264631368
A13C3B11,CCCCCCCCCCCCCCCCNC(=O)C(CCCCCOC(=O)CCCCCCC\C=C/CCCCCCCC)NN1CCCCC1,0.9589461
A5C5B11,CCCCCCCC\C=C/CCCCCCCCNC(=O)C(CCCCCOC(=O)CCCCCCC\C=C/CCCCCCCC)NCCN(CCN)CCN,3.849493606
A5C4B11,CCCCCCCCCCCCCCCCCCNC(=O)C(CCCCCOC(=O)CCCCCCC\C=C/CCCCCCCC)NCCN(CCN)CCN,1.779316852
A5C1B11,CCCCCCCCCCCCNC(=O)C(CCCCCOC(=O)CCCCCCC\C=C/CCCCCCCC)NCCN(CCN)CCN,4.642974886
A5C2B11,CCCCCCCCCCCCCCNC(=O)C(CCCCCOC(=O)CCCCCCC\C=C/CCCCCCCC)NCCN(CCN)CCN,2.918105428
A5C3B11,CCCCCCCCCCCCCCCCNC(=O)C(CCCCCOC(=O)CCCCCCC\C=C/CCCCCCCC)NCCN(CCN)CCN,4.57269636
A10C5B11,CCCCCCCC\C=C/CCCCCCCCNC(=O)C(CCCCCOC(=O)CCCCCCC\C=C/CCCCCCCC)NCCN1CCCC1,2.48112669
A10C4B11,CCCCCCCCCCCCCCCCCCNC(=O)C(CCCCCOC(=O)CCCCCCC\C=C/CCCCCCCC)NCCN1CCCC1,2.956487617
A10C1B11,CCCCCCCCCCCCNC(=O)C(CCCCCOC(=O)CCCCCCC\C=C/CCCCCCCC)NCCN1CCCC1,5.91738134
A10C2B11,CCCCCCCCCCCCCCNC(=O)C(CCCCCOC(=O)CCCCCCC\C=C/CCCCCCCC)NCCN1CCCC1,1.279674722
A10C3B11,CCCCCCCCCCCCCCCCNC(=O)C(CCCCCOC(=O)CCCCCCC\C=C/CCCCCCCC)NCCN1CCCC1,3.0738796
A15C5B11,CCCCCCCC\C=C/CCCCCCCCNC(=O)C(CCCCCOC(=O)CCCCCCC\C=C/CCCCCCCC)NCCN1CCCCC1,1.89077093
A15C4B11,CCCCCCCCCCCCCCCCCCNC(=O)C(CCCCCOC(=O)CCCCCCC\C=C/CCCCCCCC)NCCN1CCCCC1,2.459182562
A15C1B11,CCCCCCCCCCCCNC(=O)C(CCCCCOC(=O)CCCCCCC\C=C/CCCCCCCC)NCCN1CCCCC1,6.251839375
A15C2B11,CCCCCCCCCCCCCCNC(=O)C(CCCCCOC(=O)CCCCCCC\C=C/CCCCCCCC)NCCN1CCCCC1,1.066391141
A15C3B11,CCCCCCCCCCCCCCCCNC(=O)C(CCCCCOC(=O)CCCCCCC\C=C/CCCCCCCC)NCCN1CCCCC1,2.26838866
A16C5B11,CCCCCCCC\C=C/CCCCCCCCNC(=O)C(CCCCCOC(=O)CCCCCCC\C=C/CCCCCCCC)NCCN(C(C)C)C(C)C,1.523561956
A16C4B11,CCCCCCCCCCCCCCCCCCNC(=O)C(CCCCCOC(=O)CCCCCCC\C=C/CCCCCCCC)NCCN(C(C)C)C(C)C,7.535152432
A16C1B11,CCCCCCCCCCCCNC(=O)C(CCCCCOC(=O)CCCCCCC\C=C/CCCCCCCC)NCCN(C(C)C)C(C)C,2.40938202
A16C2B11,CCCCCCCCCCCCCCNC(=O)C(CCCCCOC(=O)CCCCCCC\C=C/CCCCCCCC)NCCN(C(C)C)C(C)C,-0.578325781
A16C3B11,CCCCCCCCCCCCCCCCNC(=O)C(CCCCCOC(=O)CCCCCCC\C=C/CCCCCCCC)NCCN(C(C)C)C(C)C,7.68892142
A17C5B12,CCCCCCCC\C=C/CCCCCCCCNC(=O)C(CCCCCOC(=O)CCCCCCC\C=C/C\C=C/CCCCC)NCCCN(C)CCCN,4.951217853
A17C4B12,CCCCCCCCCCCCCCCCCCNC(=O)C(CCCCCOC(=O)CCCCCCC\C=C/C\C=C/CCCCC)NCCCN(C)CCCN,-0.89792473
A17C1B12,CCCCCCCCCCCCNC(=O)C(CCCCCOC(=O)CCCCCCC\C=C/C\C=C/CCCCC)NCCCN(C)CCCN,2.65051585
A17C2B12,CCCCCCCCCCCCCCNC(=O)C(CCCCCOC(=O)CCCCCCC\C=C/C\C=C/CCCCC)NCCCN(C)CCCN,0.856778815
A17C3B12,CCCCCCCCCCCCCCCCNC(=O)C(CCCCCOC(=O)CCCCCCC\C=C/C\C=C/CCCCC)NCCCN(C)CCCN,5.427294087
A18C5B12,CCCCCCCC\C=C/CCCCCCCCNC(=O)C(CCCCCOC(=O)CCCCCCC\C=C/C\C=C/CCCCC)NCC1CCCN1CC,0.910448326
A18C4B12,CCCCCCCCCCCCCCCCCCNC(=O)C(CCCCCOC(=O)CCCCCCC\C=C/C\C=C/CCCCC)NCC1CCCN1CC,0.520867674
A18C1B12,CCCCCCCCCCCCNC(=O)C(CCCCCOC(=O)CCCCCCC\C=C/C\C=C/CCCCC)NCC1CCCN1CC,-1.5804882
A18C2B12,CCCCCCCCCCCCCCNC(=O)C(CCCCCOC(=O)CCCCCCC\C=C/C\C=C/CCCCC)NCC1CCCN1CC,0.685813327
A18C3B12,CCCCCCCCCCCCCCCCNC(=O)C(CCCCCOC(=O)CCCCCCC\C=C/C\C=C/CCCCC)NCC1CCCN1CC,0.854711646
A19C5B12,CCCCCCCC\C=C/CCCCCCCCNC(=O)C(CCCCCOC(=O)CCCCCCC\C=C/C\C=C/CCCCC)NCCN1CCNCC1,2.20302662
A19C4B12,CCCCCCCCCCCCCCCCCCNC(=O)C(CCCCCOC(=O)CCCCCCC\C=C/C\C=C/CCCCC)NCCN1CCNCC1,0.738639548
A19C1B12,CCCCCCCCCCCCNC(=O)C(CCCCCOC(=O)CCCCCCC\C=C/C\C=C/CCCCC)NCCN1CCNCC1,1.912973225
A19C2B12,CCCCCCCCCCCCCCNC(=O)C(CCCCCOC(=O)CCCCCCC\C=C/C\C=C/CCCCC)NCCN1CCNCC1,0.263568987
A19C3B12,CCCCCCCCCCCCCCCCNC(=O)C(CCCCCOC(=O)CCCCCCC\C=C/C\C=C/CCCCC)NCCN1CCNCC1,2.801986011
A20C5B12,CCCCCCCC\C=C/CCCCCCCCNC(=O)C(CCCCCOC(=O)CCCCCCC\C=C/C\C=C/CCCCC)NC1CCNCC1,2.465762763
A20C4B12,CCCCCCCCCCCCCCCCCCNC(=O)C(CCCCCOC(=O)CCCCCCC\C=C/C\C=C/CCCCC)NC1CCNCC1,3.22167252
A20C1B12,CCCCCCCCCCCCNC(=O)C(CCCCCOC(=O)CCCCCCC\C=C/C\C=C/CCCCC)NC1CCNCC1,1.37749139
A20C2B12,CCCCCCCCCCCCCCNC(=O)C(CCCCCOC(=O)CCCCCCC\C=C/C\C=C/CCCCC)NC1CCNCC1,1.318144281
A20C3B12,CCCCCCCCCCCCCCCCNC(=O)C(CCCCCOC(=O)CCCCCCC\C=C/C\C=C/CCCCC)NC1CCNCC1,2.949984639
A1C5B12,CCCCCCCC\C=C/CCCCCCCCNC(=O)C(CCCCCOC(=O)CCCCCCC\C=C/C\C=C/CCCCC)NCCN(C)C,10.04517462
A1C4B12,CCCCCCCCCCCCCCCCCCNC(=O)C(CCCCCOC(=O)CCCCCCC\C=C/C\C=C/CCCCC)NCCN(C)C,0.408158285
A1C1B12,CCCCCCCCCCCCNC(=O)C(CCCCCOC(=O)CCCCCCC\C=C/C\C=C/CCCCC)NCCN(C)C,5.632357027
A1C2B12,CCCCCCCCCCCCCCNC(=O)C(CCCCCOC(=O)CCCCCCC\C=C/C\C=C/CCCCC)NCCN(C)C,6.785652497
A1C3B12,CCCCCCCCCCCCCCCCNC(=O)C(CCCCCOC(=O)CCCCCCC\C=C/C\C=C/CCCCC)NCCN(C)C,6.459670599
A6C5B12,CCCCCCCC\C=C/CCCCCCCCNC(=O)C(CCCCCOC(=O)CCCCCCC\C=C/C\C=C/CCCCC)NCCCN(C)C,0.991500873
A6C4B12,CCCCCCCCCCCCCCCCCCNC(=O)C(CCCCCOC(=O)CCCCCCC\C=C/C\C=C/CCCCC)NCCCN(C)C,1.20466548
A6C1B12,CCCCCCCCCCCCNC(=O)C(CCCCCOC(=O)CCCCCCC\C=C/C\C=C/CCCCC)NCCCN(C)C,1.500474606
A6C2B12,CCCCCCCCCCCCCCNC(=O)C(CCCCCOC(=O)CCCCCCC\C=C/C\C=C/CCCCC)NCCCN(C)C,3.145475676
A6C3B12,CCCCCCCCCCCCCCCCNC(=O)C(CCCCCOC(=O)CCCCCCC\C=C/C\C=C/CCCCC)NCCCN(C)C,1.068240983
A3C5B12,CCCCCCCC\C=C/CCCCCCCCNC(=O)C(CCCCCOC(=O)CCCCCCC\C=C/C\C=C/CCCCC)NCCCN(CC)CC,6.473432819
A3C4B12,CCCCCCCCCCCCCCCCCCNC(=O)C(CCCCCOC(=O)CCCCCCC\C=C/C\C=C/CCCCC)NCCCN(CC)CC,2.619365746
A3C1B12,CCCCCCCCCCCCNC(=O)C(CCCCCOC(=O)CCCCCCC\C=C/C\C=C/CCCCC)NCCCN(CC)CC,9.389192068
A3C2B12,CCCCCCCCCCCCCCNC(=O)C(CCCCCOC(=O)CCCCCCC\C=C/C\C=C/CCCCC)NCCCN(CC)CC,9.930272708
A3C3B12,CCCCCCCCCCCCCCCCNC(=O)C(CCCCCOC(=O)CCCCCCC\C=C/C\C=C/CCCCC)NCCCN(CC)CC,8.341920011
A8C5B12,CCCCCCCC\C=C/CCCCCCCCNC(=O)C(CCCCCOC(=O)CCCCCCC\C=C/C\C=C/CCCCC)NCCCN(CCCC)CCCC,0.01785072
A8C4B12,CCCCCCCCCCCCCCCCCCNC(=O)C(CCCCCOC(=O)CCCCCCC\C=C/C\C=C/CCCCC)NCCCN(CCCC)CCCC,-0.138983022
A8C1B12,CCCCCCCCCCCCNC(=O)C(CCCCCOC(=O)CCCCCCC\C=C/C\C=C/CCCCC)NCCCN(CCCC)CCCC,1.3624204
A8C2B12,CCCCCCCCCCCCCCNC(=O)C(CCCCCOC(=O)CCCCCCC\C=C/C\C=C/CCCCC)NCCCN(CCCC)CCCC,1.002034074
A8C3B12,CCCCCCCCCCCCCCCCNC(=O)C(CCCCCOC(=O)CCCCCCC\C=C/C\C=C/CCCCC)NCCCN(CCCC)CCCC,2.70068768
A2C5B12,CCCCCCCC\C=C/CCCCCCCCNC(=O)C(CCCCCOC(=O)CCCCCCC\C=C/C\C=C/CCCCC)NCCCN1CCCC1,6.700190843
A2C4B12,CCCCCCCCCCCCCCCCCCNC(=O)C(CCCCCOC(=O)CCCCCCC\C=C/C\C=C/CCCCC)NCCCN1CCCC1,2.952271098
A2C1B12,CCCCCCCCCCCCNC(=O)C(CCCCCOC(=O)CCCCCCC\C=C/C\C=C/CCCCC)NCCCN1CCCC1,9.7656056
A2C2B12,CCCCCCCCCCCCCCNC(=O)C(CCCCCOC(=O)CCCCCCC\C=C/C\C=C/CCCCC)NCCCN1CCCC1,10.90124442
A2C3B12,CCCCCCCCCCCCCCCCNC(=O)C(CCCCCOC(=O)CCCCCCC\C=C/C\C=C/CCCCC)NCCCN1CCCC1,9.146291523
A7C5B12,CCCCCCCC\C=C/CCCCCCCCNC(=O)C(CCCCCOC(=O)CCCCCCC\C=C/C\C=C/CCCCC)NCCCN1CCOCC1,0.362863357
A7C4B12,CCCCCCCCCCCCCCCCCCNC(=O)C(CCCCCOC(=O)CCCCCCC\C=C/C\C=C/CCCCC)NCCCN1CCOCC1,0.428493327
A7C1B12,CCCCCCCCCCCCNC(=O)C(CCCCCOC(=O)CCCCCCC\C=C/C\C=C/CCCCC)NCCCN1CCOCC1,1.160093845
A7C2B12,CCCCCCCCCCCCCCNC(=O)C(CCCCCOC(=O)CCCCCCC\C=C/C\C=C/CCCCC)NCCCN1CCOCC1,1.47932546
A7C3B12,CCCCCCCCCCCCCCCCNC(=O)C(CCCCCOC(=O)CCCCCCC\C=C/C\C=C/CCCCC)NCCCN1CCOCC1,1.329232233
A4C5B12,CCCCCCCC\C=C/CCCCCCCCNC(=O)C(CCCCCOC(=O)CCCCCCC\C=C/C\C=C/CCCCC)NCCN(CC)CC,6.520823535
A4C4B12,CCCCCCCCCCCCCCCCCCNC(=O)C(CCCCCOC(=O)CCCCCCC\C=C/C\C=C/CCCCC)NCCN(CC)CC,5.106008323
A4C1B12,CCCCCCCCCCCCNC(=O)C(CCCCCOC(=O)CCCCCCC\C=C/C\C=C/CCCCC)NCCN(CC)CC,6.619029881
A4C2B12,CCCCCCCCCCCCCCNC(=O)C(CCCCCOC(=O)CCCCCCC\C=C/C\C=C/CCCCC)NCCN(CC)CC,11.02696813
A4C3B12,CCCCCCCCCCCCCCCCNC(=O)C(CCCCCOC(=O)CCCCCCC\C=C/C\C=C/CCCCC)NCCN(CC)CC,8.729814889
A11C5B12,CCCCCCCC\C=C/CCCCCCCCNC(=O)C(CCCCCOC(=O)CCCCCCC\C=C/C\C=C/CCCCC)NN1CCOCC1,1.115477217
A11C4B12,CCCCCCCCCCCCCCCCCCNC(=O)C(CCCCCOC(=O)CCCCCCC\C=C/C\C=C/CCCCC)NN1CCOCC1,0.989725061
A11C1B12,CCCCCCCCCCCCNC(=O)C(CCCCCOC(=O)CCCCCCC\C=C/C\C=C/CCCCC)NN1CCOCC1,6.57271397
A11C2B12,CCCCCCCCCCCCCCNC(=O)C(CCCCCOC(=O)CCCCCCC\C=C/C\C=C/CCCCC)NN1CCOCC1,-0.854953076
A11C3B12,CCCCCCCCCCCCCCCCNC(=O)C(CCCCCOC(=O)CCCCCCC\C=C/C\C=C/CCCCC)NN1CCOCC1,0.111918513
A12C5B12,CCCCCCCC\C=C/CCCCCCCCNC(=O)C(CCCCCOC(=O)CCCCCCC\C=C/C\C=C/CCCCC)NC1CCN(C)CC1,2.044394119
A12C4B12,CCCCCCCCCCCCCCCCCCNC(=O)C(CCCCCOC(=O)CCCCCCC\C=C/C\C=C/CCCCC)NC1CCN(C)CC1,0.147455409
A12C1B12,CCCCCCCCCCCCNC(=O)C(CCCCCOC(=O)CCCCCCC\C=C/C\C=C/CCCCC)NC1CCN(C)CC1,0.203119121
A12C2B12,CCCCCCCCCCCCCCNC(=O)C(CCCCCOC(=O)CCCCCCC\C=C/C\C=C/CCCCC)NC1CCN(C)CC1,0.914110888
A12C3B12,CCCCCCCCCCCCCCCCNC(=O)C(CCCCCOC(=O)CCCCCCC\C=C/C\C=C/CCCCC)NC1CCN(C)CC1,0.886672596
A14C5B12,CCCCCCCC\C=C/CCCCCCCCNC(=O)C(CCCCCOC(=O)CCCCCCC\C=C/C\C=C/CCCCC)NC1=CNN=C1,3.353194815
A14C4B12,CCCCCCCCCCCCCCCCCCNC(=O)C(CCCCCOC(=O)CCCCCCC\C=C/C\C=C/CCCCC)NC1=CNN=C1,1.134705857
A14C1B12,CCCCCCCCCCCCNC(=O)C(CCCCCOC(=O)CCCCCCC\C=C/C\C=C/CCCCC)NC1=CNN=C1,1.6066294
A14C2B12,CCCCCCCCCCCCCCNC(=O)C(CCCCCOC(=O)CCCCCCC\C=C/C\C=C/CCCCC)NC1=CNN=C1,0.457180663
A14C3B12,CCCCCCCCCCCCCCCCNC(=O)C(CCCCCOC(=O)CCCCCCC\C=C/C\C=C/CCCCC)NC1=CNN=C1,3.595665263
A9C5B12,CCCCCCCC\C=C/CCCCCCCCNC(=O)C(CCCCCOC(=O)CCCCCCC\C=C/C\C=C/CCCCC)NC1=CC(C)=NN1C,0.058893689
A9C4B12,CCCCCCCCCCCCCCCCCCNC(=O)C(CCCCCOC(=O)CCCCCCC\C=C/C\C=C/CCCCC)NC1=CC(C)=NN1C,-0.670776236
A9C1B12,CCCCCCCCCCCCNC(=O)C(CCCCCOC(=O)CCCCCCC\C=C/C\C=C/CCCCC)NC1=CC(C)=NN1C,0.29643511
A9C2B12,CCCCCCCCCCCCCCNC(=O)C(CCCCCOC(=O)CCCCCCC\C=C/C\C=C/CCCCC)NC1=CC(C)=NN1C,-0.311118414
A9C3B12,CCCCCCCCCCCCCCCCNC(=O)C(CCCCCOC(=O)CCCCCCC\C=C/C\C=C/CCCCC)NC1=CC(C)=NN1C,-1.0676517699999999
A13C5B12,CCCCCCCC\C=C/CCCCCCCCNC(=O)C(CCCCCOC(=O)CCCCCCC\C=C/C\C=C/CCCCC)NN1CCCCC1,1.196397213
A13C4B12,CCCCCCCCCCCCCCCCCCNC(=O)C(CCCCCOC(=O)CCCCCCC\C=C/C\C=C/CCCCC)NN1CCCCC1,1.229565435
A13C1B12,CCCCCCCCCCCCNC(=O)C(CCCCCOC(=O)CCCCCCC\C=C/C\C=C/CCCCC)NN1CCCCC1,0.95482789
A13C2B12,CCCCCCCCCCCCCCNC(=O)C(CCCCCOC(=O)CCCCCCC\C=C/C\C=C/CCCCC)NN1CCCCC1,1.673596016
A13C3B12,CCCCCCCCCCCCCCCCNC(=O)C(CCCCCOC(=O)CCCCCCC\C=C/C\C=C/CCCCC)NN1CCCCC1,0.785427408
A5C5B12,CCCCCCCC\C=C/CCCCCCCCNC(=O)C(CCCCCOC(=O)CCCCCCC\C=C/C\C=C/CCCCC)NCCN(CCN)CCN,5.335125888
A5C4B12,CCCCCCCCCCCCCCCCCCNC(=O)C(CCCCCOC(=O)CCCCCCC\C=C/C\C=C/CCCCC)NCCN(CCN)CCN,2.75866785
A5C1B12,CCCCCCCCCCCCNC(=O)C(CCCCCOC(=O)CCCCCCC\C=C/C\C=C/CCCCC)NCCN(CCN)CCN,3.91749735
A5C2B12,CCCCCCCCCCCCCCNC(=O)C(CCCCCOC(=O)CCCCCCC\C=C/C\C=C/CCCCC)NCCN(CCN)CCN,5.163468274
A5C3B12,CCCCCCCCCCCCCCCCNC(=O)C(CCCCCOC(=O)CCCCCCC\C=C/C\C=C/CCCCC)NCCN(CCN)CCN,3.501763864
A10C5B12,CCCCCCCC\C=C/CCCCCCCCNC(=O)C(CCCCCOC(=O)CCCCCCC\C=C/C\C=C/CCCCC)NCCN1CCCC1,2.321928095
A10C4B12,CCCCCCCCCCCCCCCCCCNC(=O)C(CCCCCOC(=O)CCCCCCC\C=C/C\C=C/CCCCC)NCCN1CCCC1,1.659630652
A10C1B12,CCCCCCCCCCCCNC(=O)C(CCCCCOC(=O)CCCCCCC\C=C/C\C=C/CCCCC)NCCN1CCCC1,5.31348867
A10C2B12,CCCCCCCCCCCCCCNC(=O)C(CCCCCOC(=O)CCCCCCC\C=C/C\C=C/CCCCC)NCCN1CCCC1,1.747097527
A10C3B12,CCCCCCCCCCCCCCCCNC(=O)C(CCCCCOC(=O)CCCCCCC\C=C/C\C=C/CCCCC)NCCN1CCCC1,1.187825674
A15C5B12,CCCCCCCC\C=C/CCCCCCCCNC(=O)C(CCCCCOC(=O)CCCCCCC\C=C/C\C=C/CCCCC)NCCN1CCCCC1,-0.242180258
A15C4B12,CCCCCCCCCCCCCCCCCCNC(=O)C(CCCCCOC(=O)CCCCCCC\C=C/C\C=C/CCCCC)NCCN1CCCCC1,2.775302151
A15C1B12,CCCCCCCCCCCCNC(=O)C(CCCCCOC(=O)CCCCCCC\C=C/C\C=C/CCCCC)NCCN1CCCCC1,0.870414631
A15C2B12,CCCCCCCCCCCCCCNC(=O)C(CCCCCOC(=O)CCCCCCC\C=C/C\C=C/CCCCC)NCCN1CCCCC1,-0.17834284
A15C3B12,CCCCCCCCCCCCCCCCNC(=O)C(CCCCCOC(=O)CCCCCCC\C=C/C\C=C/CCCCC)NCCN1CCCCC1,1.300591863
A16C5B12,CCCCCCCC\C=C/CCCCCCCCNC(=O)C(CCCCCOC(=O)CCCCCCC\C=C/C\C=C/CCCCC)NCCN(C(C)C)C(C)C,-2.345629161
A16C4B12,CCCCCCCCCCCCCCCCCCNC(=O)C(CCCCCOC(=O)CCCCCCC\C=C/C\C=C/CCCCC)NCCN(C(C)C)C(C)C,1.068646515
A16C1B12,CCCCCCCCCCCCNC(=O)C(CCCCCOC(=O)CCCCCCC\C=C/C\C=C/CCCCC)NCCN(C(C)C)C(C)C,0.915082242
A16C2B12,CCCCCCCCCCCCCCNC(=O)C(CCCCCOC(=O)CCCCCCC\C=C/C\C=C/CCCCC)NCCN(C(C)C)C(C)C,-0.780116043
A16C3B12,CCCCCCCCCCCCCCCCNC(=O)C(CCCCCOC(=O)CCCCCCC\C=C/C\C=C/CCCCC)NCCN(C(C)C)C(C)C,-0.692916012
A17C5B10,CCCCCCCCCCCCCCCCCC(=O)OCCCCCC(NCCCN(C)CCCN)C(=O)NCCCCCCCC\C=C/CCCCCCCC,-0.155158727
A17C4B10,CCCCCCCCCCCCCCCCCCNC(=O)C(CCCCCOC(=O)CCCCCCCCCCCCCCCCC)NCCCN(C)CCCN,-0.407268965
A17C1B10,CCCCCCCCCCCCCCCCCC(=O)OCCCCCC(NCCCN(C)CCCN)C(=O)NCCCCCCCCCCCC,0.955278912
A17C2B10,CCCCCCCCCCCCCCCCCC(=O)OCCCCCC(NCCCN(C)CCCN)C(=O)NCCCCCCCCCCCCCC,0.404344369
A17C3B10,CCCCCCCCCCCCCCCCCC(=O)OCCCCCC(NCCCN(C)CCCN)C(=O)NCCCCCCCCCCCCCCCC,0.983766321
A18C5B10,CCCCCCCCCCCCCCCCCC(=O)OCCCCCC(NCC1CCCN1CC)C(=O)NCCCCCCCC\C=C/CCCCCCCC,1.711365165
A18C4B10,CCCCCCCCCCCCCCCCCCNC(=O)C(CCCCCOC(=O)CCCCCCCCCCCCCCCCC)NCC1CCCN1CC,3.003263279
A18C1B10,CCCCCCCCCCCCCCCCCC(=O)OCCCCCC(NCC1CCCN1CC)C(=O)NCCCCCCCCCCCC,1.148788645
A18C2B10,CCCCCCCCCCCCCCCCCC(=O)OCCCCCC(NCC1CCCN1CC)C(=O)NCCCCCCCCCCCCCC,1.90613368
A18C3B10,CCCCCCCCCCCCCCCCCC(=O)OCCCCCC(NCC1CCCN1CC)C(=O)NCCCCCCCCCCCCCCCC,1.640063057
A19C5B10,CCCCCCCCCCCCCCCCCC(=O)OCCCCCC(NCCN1CCNCC1)C(=O)NCCCCCCCC\C=C/CCCCCCCC,1.194346947
A19C4B10,CCCCCCCCCCCCCCCCCCNC(=O)C(CCCCCOC(=O)CCCCCCCCCCCCCCCCC)NCCN1CCNCC1,0.503151327
A19C1B10,CCCCCCCCCCCCCCCCCC(=O)OCCCCCC(NCCN1CCNCC1)C(=O)NCCCCCCCCCCCC,1.348992166
A19C2B10,CCCCCCCCCCCCCCCCCC(=O)OCCCCCC(NCCN1CCNCC1)C(=O)NCCCCCCCCCCCCCC,1.26828579
A19C3B10,CCCCCCCCCCCCCCCCCC(=O)OCCCCCC(NCCN1CCNCC1)C(=O)NCCCCCCCCCCCCCCCC,1.640358984
A20C5B10,CCCCCCCCCCCCCCCCCC(=O)OCCCCCC(NC1CCNCC1)C(=O)NCCCCCCCC\C=C/CCCCCCCC,2.005545052
A20C4B10,CCCCCCCCCCCCCCCCCCNC(=O)C(CCCCCOC(=O)CCCCCCCCCCCCCCCCC)NC1CCNCC1,-1.462124578
A20C1B10,CCCCCCCCCCCCCCCCCC(=O)OCCCCCC(NC1CCNCC1)C(=O)NCCCCCCCCCCCC,0.25428772
A20C2B10,CCCCCCCCCCCCCCCCCC(=O)OCCCCCC(NC1CCNCC1)C(=O)NCCCCCCCCCCCCCC,0.96741531
A20C3B10,CCCCCCCCCCCCCCCCCC(=O)OCCCCCC(NC1CCNCC1)C(=O)NCCCCCCCCCCCCCCCC,1.079118717
A1C5B10,CCCCCCCCCCCCCCCCCC(=O)OCCCCCC(NCCN(C)C)C(=O)NCCCCCCCC\C=C/CCCCCCCC,6.947762667
A1C4B10,CCCCCCCCCCCCCCCCCCNC(=O)C(CCCCCOC(=O)CCCCCCCCCCCCCCCCC)NCCN(C)C,8.790737469
A1C1B10,CCCCCCCCCCCCCCCCCC(=O)OCCCCCC(NCCN(C)C)C(=O)NCCCCCCCCCCCC,2.915674154
A1C2B10,CCCCCCCCCCCCCCCCCC(=O)OCCCCCC(NCCN(C)C)C(=O)NCCCCCCCCCCCCCC,0.407221287
A1C3B10,CCCCCCCCCCCCCCCCCC(=O)OCCCCCC(NCCN(C)C)C(=O)NCCCCCCCCCCCCCCCC,1.531719333
A6C5B10,CCCCCCCCCCCCCCCCCC(=O)OCCCCCC(NCCCN(C)C)C(=O)NCCCCCCCC\C=C/CCCCCCCC,11.14768408
A6C4B10,CCCCCCCCCCCCCCCCCCNC(=O)C(CCCCCOC(=O)CCCCCCCCCCCCCCCCC)NCCCN(C)C,7.776719179
A6C1B10,CCCCCCCCCCCCCCCCCC(=O)OCCCCCC(NCCCN(C)C)C(=O)NCCCCCCCCCCCC,8.319223951
A6C2B10,CCCCCCCCCCCCCCCCCC(=O)OCCCCCC(NCCCN(C)C)C(=O)NCCCCCCCCCCCCCC,7.901148357
A6C3B10,CCCCCCCCCCCCCCCCCC(=O)OCCCCCC(NCCCN(C)C)C(=O)NCCCCCCCCCCCCCCCC,6.101922471
A3C5B10,CCCCCCCCCCCCCCCCCC(=O)OCCCCCC(NCCCN(CC)CC)C(=O)NCCCCCCCC\C=C/CCCCCCCC,4.460959723
A3C4B10,CCCCCCCCCCCCCCCCCCNC(=O)C(CCCCCOC(=O)CCCCCCCCCCCCCCCCC)NCCCN(CC)CC,7.328083021
A3C1B10,CCCCCCCCCCCCCCCCCC(=O)OCCCCCC(NCCCN(CC)CC)C(=O)NCCCCCCCCCCCC,6.93281205
A3C2B10,CCCCCCCCCCCCCCCCCC(=O)OCCCCCC(NCCCN(CC)CC)C(=O)NCCCCCCCCCCCCCC,6.847887116
A3C3B10,CCCCCCCCCCCCCCCCCC(=O)OCCCCCC(NCCCN(CC)CC)C(=O)NCCCCCCCCCCCCCCCC,5.12169869
A8C5B10,CCCCCCCCCCCCCCCCCC(=O)OCCCCCC(NCCCN(CCCC)CCCC)C(=O)NCCCCCCCC\C=C/CCCCCCCC,1.830119079
A8C4B10,CCCCCCCCCCCCCCCCCCNC(=O)C(CCCCCOC(=O)CCCCCCCCCCCCCCCCC)NCCCN(CCCC)CCCC,5.018707522
A8C1B10,CCCCCCCCCCCCCCCCCC(=O)OCCCCCC(NCCCN(CCCC)CCCC)C(=O)NCCCCCCCCCCCC,12.99313286
A8C2B10,CCCCCCCCCCCCCCCCCC(=O)OCCCCCC(NCCCN(CCCC)CCCC)C(=O)NCCCCCCCCCCCCCC,12.43159272
A8C3B10,CCCCCCCCCCCCCCCCCC(=O)OCCCCCC(NCCCN(CCCC)CCCC)C(=O)NCCCCCCCCCCCCCCCC,9.486395179
A2C5B10,CCCCCCCCCCCCCCCCCC(=O)OCCCCCC(NCCCN1CCCC1)C(=O)NCCCCCCCC\C=C/CCCCCCCC,9.203356413
A2C4B10,CCCCCCCCCCCCCCCCCCNC(=O)C(CCCCCOC(=O)CCCCCCCCCCCCCCCCC)NCCCN1CCCC1,6.696570414
A2C1B10,CCCCCCCCCCCCCCCCCC(=O)OCCCCCC(NCCCN1CCCC1)C(=O)NCCCCCCCCCCCC,5.998019754
A2C2B10,CCCCCCCCCCCCCCCCCC(=O)OCCCCCC(NCCCN1CCCC1)C(=O)NCCCCCCCCCCCCCC,6.143803455
A2C3B10,CCCCCCCCCCCCCCCCCC(=O)OCCCCCC(NCCCN1CCCC1)C(=O)NCCCCCCCCCCCCCCCC,3.823918723
A7C5B10,CCCCCCCCCCCCCCCCCC(=O)OCCCCCC(NCCCN1CCOCC1)C(=O)NCCCCCCCC\C=C/CCCCCCCC,6.399405405
A7C4B10,CCCCCCCCCCCCCCCCCCNC(=O)C(CCCCCOC(=O)CCCCCCCCCCCCCCCCC)NCCCN1CCOCC1,7.697399482
A7C1B10,CCCCCCCCCCCCCCCCCC(=O)OCCCCCC(NCCCN1CCOCC1)C(=O)NCCCCCCCCCCCC,7.72753079
A7C2B10,CCCCCCCCCCCCCCCCCC(=O)OCCCCCC(NCCCN1CCOCC1)C(=O)NCCCCCCCCCCCCCC,7.771799032
A7C3B10,CCCCCCCCCCCCCCCCCC(=O)OCCCCCC(NCCCN1CCOCC1)C(=O)NCCCCCCCCCCCCCCCC,5.568935221
A4C5B10,CCCCCCCCCCCCCCCCCC(=O)OCCCCCC(NCCN(CC)CC)C(=O)NCCCCCCCC\C=C/CCCCCCCC,8.996872342
A4C4B10,CCCCCCCCCCCCCCCCCCNC(=O)C(CCCCCOC(=O)CCCCCCCCCCCCCCCCC)NCCN(CC)CC,7.499191582
A4C1B10,CCCCCCCCCCCCCCCCCC(=O)OCCCCCC(NCCN(CC)CC)C(=O)NCCCCCCCCCCCC,8.31335041
A4C2B10,CCCCCCCCCCCCCCCCCC(=O)OCCCCCC(NCCN(CC)CC)C(=O)NCCCCCCCCCCCCCC,8.321904663
A4C3B10,CCCCCCCCCCCCCCCCCC(=O)OCCCCCC(NCCN(CC)CC)C(=O)NCCCCCCCCCCCCCCCC,5.720623254
A11C5B10,CCCCCCCCCCCCCCCCCC(=O)OCCCCCC(NN1CCOCC1)C(=O)NCCCCCCCC\C=C/CCCCCCCC,7.923079834
A11C4B10,CCCCCCCCCCCCCCCCCCNC(=O)C(CCCCCOC(=O)CCCCCCCCCCCCCCCCC)NN1CCOCC1,5.479643288
A11C1B10,CCCCCCCCCCCCCCCCCC(=O)OCCCCCC(NN1CCOCC1)C(=O)NCCCCCCCCCCCC,6.875932002
A11C2B10,CCCCCCCCCCCCCCCCCC(=O)OCCCCCC(NN1CCOCC1)C(=O)NCCCCCCCCCCCCCC,7.317728437
A11C3B10,CCCCCCCCCCCCCCCCCC(=O)OCCCCCC(NN1CCOCC1)C(=O)NCCCCCCCCCCCCCCCC,5.329503164
A12C5B10,CCCCCCCCCCCCCCCCCC(=O)OCCCCCC(NC1CCN(C)CC1)C(=O)NCCCCCCCC\C=C/CCCCCCCC,6.163230349
A12C4B10,CCCCCCCCCCCCCCCCCCNC(=O)C(CCCCCOC(=O)CCCCCCCCCCCCCCCCC)NC1CCN(C)CC1,5.704485164
A12C1B10,CCCCCCCCCCCCCCCCCC(=O)OCCCCCC(NC1CCN(C)CC1)C(=O)NCCCCCCCCCCCC,5.546302407
A12C2B10,CCCCCCCCCCCCCCCCCC(=O)OCCCCCC(NC1CCN(C)CC1)C(=O)NCCCCCCCCCCCCCC,3.608123696
A12C3B10,CCCCCCCCCCCCCCCCCC(=O)OCCCCCC(NC1CCN(C)CC1)C(=O)NCCCCCCCCCCCCCCCC,5.608833401
A14C5B10,CCCCCCCCCCCCCCCCCC(=O)OCCCCCC(NC1=CNN=C1)C(=O)NCCCCCCCC\C=C/CCCCCCCC,7.431497604
A14C4B10,CCCCCCCCCCCCCCCCCCNC(=O)C(CCCCCOC(=O)CCCCCCCCCCCCCCCCC)NC1=CNN=C1,6.685150152
A14C1B10,CCCCCCCCCCCCCCCCCC(=O)OCCCCCC(NC1=CNN=C1)C(=O)NCCCCCCCCCCCC,7.397805153
A14C2B10,CCCCCCCCCCCCCCCCCC(=O)OCCCCCC(NC1=CNN=C1)C(=O)NCCCCCCCCCCCCCC,5.359422191
A14C3B10,CCCCCCCCCCCCCCCCCC(=O)OCCCCCC(NC1=CNN=C1)C(=O)NCCCCCCCCCCCCCCCC,6.693020182
A9C5B10,CCCCCCCCCCCCCCCCCC(=O)OCCCCCC(NC1=CC(C)=NN1C)C(=O)NCCCCCCCC\C=C/CCCCCCCC,6.511752654
A9C4B10,CCCCCCCCCCCCCCCCCCNC(=O)C(CCCCCOC(=O)CCCCCCCCCCCCCCCCC)NC1=CC(C)=NN1C,8.317988284
A9C1B10,CCCCCCCCCCCCCCCCCC(=O)OCCCCCC(NC1=CC(C)=NN1C)C(=O)NCCCCCCCCCCCC,5.037566741
A9C2B10,CCCCCCCCCCCCCCCCCC(=O)OCCCCCC(NC1=CC(C)=NN1C)C(=O)NCCCCCCCCCCCCCC,5.445368404
A9C3B10,CCCCCCCCCCCCCCCCCC(=O)OCCCCCC(NC1=CC(C)=NN1C)C(=O)NCCCCCCCCCCCCCCCC,8.947493376
A13C5B10,CCCCCCCCCCCCCCCCCC(=O)OCCCCCC(NN1CCCCC1)C(=O)NCCCCCCCC\C=C/CCCCCCCC,7.224001674
A13C4B10,CCCCCCCCCCCCCCCCCCNC(=O)C(CCCCCOC(=O)CCCCCCCCCCCCCCCCC)NN1CCCCC1,6.428703449
A13C1B10,CCCCCCCCCCCCCCCCCC(=O)OCCCCCC(NN1CCCCC1)C(=O)NCCCCCCCCCCCC,6.659458435
A13C2B10,CCCCCCCCCCCCCCCCCC(=O)OCCCCCC(NN1CCCCC1)C(=O)NCCCCCCCCCCCCCC,4.506479481
A13C3B10,CCCCCCCCCCCCCCCCCC(=O)OCCCCCC(NN1CCCCC1)C(=O)NCCCCCCCCCCCCCCCC,6.233200207
A5C5B10,CCCCCCCCCCCCCCCCCC(=O)OCCCCCC(NCCN(CCN)CCN)C(=O)NCCCCCCCC\C=C/CCCCCCCC,3.510331803
A5C4B10,CCCCCCCCCCCCCCCCCCNC(=O)C(CCCCCOC(=O)CCCCCCCCCCCCCCCCC)NCCN(CCN)CCN,7.017557633
A5C1B10,CCCCCCCCCCCCCCCCCC(=O)OCCCCCC(NCCN(CCN)CCN)C(=O)NCCCCCCCCCCCC,7.0251607
A5C2B10,CCCCCCCCCCCCCCCCCC(=O)OCCCCCC(NCCN(CCN)CCN)C(=O)NCCCCCCCCCCCCCC,4.415001309
A5C3B10,CCCCCCCCCCCCCCCCCC(=O)OCCCCCC(NCCN(CCN)CCN)C(=O)NCCCCCCCCCCCCCCCC,5.259625323
A10C5B10,CCCCCCCCCCCCCCCCCC(=O)OCCCCCC(NCCN1CCCC1)C(=O)NCCCCCCCC\C=C/CCCCCCCC,8.717105172
A10C4B10,CCCCCCCCCCCCCCCCCCNC(=O)C(CCCCCOC(=O)CCCCCCCCCCCCCCCCC)NCCN1CCCC1,7.461654485
A10C1B10,CCCCCCCCCCCCCCCCCC(=O)OCCCCCC(NCCN1CCCC1)C(=O)NCCCCCCCCCCCC,10.10048636
A10C2B10,CCCCCCCCCCCCCCCCCC(=O)OCCCCCC(NCCN1CCCC1)C(=O)NCCCCCCCCCCCCCC,7.561762496
A10C3B10,CCCCCCCCCCCCCCCCCC(=O)OCCCCCC(NCCN1CCCC1)C(=O)NCCCCCCCCCCCCCCCC,6.981716415
A15C5B10,CCCCCCCCCCCCCCCCCC(=O)OCCCCCC(NCCN1CCCCC1)C(=O)NCCCCCCCC\C=C/CCCCCCCC,8.406382186
A15C4B10,CCCCCCCCCCCCCCCCCCNC(=O)C(CCCCCOC(=O)CCCCCCCCCCCCCCCCC)NCCN1CCCCC1,6.883956426
A15C1B10,CCCCCCCCCCCCCCCCCC(=O)OCCCCCC(NCCN1CCCCC1)C(=O)NCCCCCCCCCCCC,8.065703909
A15C2B10,CCCCCCCCCCCCCCCCCC(=O)OCCCCCC(NCCN1CCCCC1)C(=O)NCCCCCCCCCCCCCC,8.134337966
A15C3B10,CCCCCCCCCCCCCCCCCC(=O)OCCCCCC(NCCN1CCCCC1)C(=O)NCCCCCCCCCCCCCCCC,6.755222199
A16C5B10,CCCCCCCCCCCCCCCCCC(=O)OCCCCCC(NCCN(C(C)C)C(C)C)C(=O)NCCCCCCCC\C=C/CCCCCCCC,9.77478706
A16C4B10,CCCCCCCCCCCCCCCCCCNC(=O)C(CCCCCOC(=O)CCCCCCCCCCCCCCCCC)NCCN(C(C)C)C(C)C,6.552100865
A16C1B10,CCCCCCCCCCCCCCCCCC(=O)OCCCCCC(NCCN(C(C)C)C(C)C)C(=O)NCCCCCCCCCCCC,7.24042249
A16C2B10,CCCCCCCCCCCCCCCCCC(=O)OCCCCCC(NCCN(C(C)C)C(C)C)C(=O)NCCCCCCCCCCCCCC,-0.941141224
A16C3B10,CCCCCCCCCCCCCCCCCC(=O)OCCCCCC(NCCN(C(C)C)C(C)C)C(=O)NCCCCCCCCCCCCCCCC,6.198496069
A17C5B9,CCCCCCCCCCCCCCCC(=O)OCCCCCC(NCCCN(C)CCCN)C(=O)NCCCCCCCC\C=C/CCCCCCCC,0.116256053
A17C4B9,CCCCCCCCCCCCCCCCCCNC(=O)C(CCCCCOC(=O)CCCCCCCCCCCCCCC)NCCCN(C)CCCN,1.508564823
A17C1B9,CCCCCCCCCCCCCCCC(=O)OCCCCCC(NCCCN(C)CCCN)C(=O)NCCCCCCCCCCCC,0.928031874
A17C2B9,CCCCCCCCCCCCCCCC(=O)OCCCCCC(NCCCN(C)CCCN)C(=O)NCCCCCCCCCCCCCC,-0.67878827
A17C3B9,CCCCCCCCCCCCCCCCNC(=O)C(CCCCCOC(=O)CCCCCCCCCCCCCCC)NCCCN(C)CCCN,0.758572549
A18C5B9,CCCCCCCCCCCCCCCC(=O)OCCCCCC(NCC1CCCN1CC)C(=O)NCCCCCCCC\C=C/CCCCCCCC,1.707009356
A18C4B9,CCCCCCCCCCCCCCCCCCNC(=O)C(CCCCCOC(=O)CCCCCCCCCCCCCCC)NCC1CCCN1CC,1.187176963
A18C1B9,CCCCCCCCCCCCCCCC(=O)OCCCCCC(NCC1CCCN1CC)C(=O)NCCCCCCCCCCCC,-0.166482136
A18C2B9,CCCCCCCCCCCCCCCC(=O)OCCCCCC(NCC1CCCN1CC)C(=O)NCCCCCCCCCCCCCC,0.701812537
A18C3B9,CCCCCCCCCCCCCCCCNC(=O)C(CCCCCOC(=O)CCCCCCCCCCCCCCC)NCC1CCCN1CC,1.746068962
A19C5B9,CCCCCCCCCCCCCCCC(=O)OCCCCCC(NCCN1CCNCC1)C(=O)NCCCCCCCC\C=C/CCCCCCCC,1.01628768
A19C4B9,CCCCCCCCCCCCCCCCCCNC(=O)C(CCCCCOC(=O)CCCCCCCCCCCCCCC)NCCN1CCNCC1,3.252580747
A19C1B9,CCCCCCCCCCCCCCCC(=O)OCCCCCC(NCCN1CCNCC1)C(=O)NCCCCCCCCCCCC,-2.301241216
A19C2B9,CCCCCCCCCCCCCCCC(=O)OCCCCCC(NCCN1CCNCC1)C(=O)NCCCCCCCCCCCCCC,1.143973706
A19C3B9,CCCCCCCCCCCCCCCCNC(=O)C(CCCCCOC(=O)CCCCCCCCCCCCCCC)NCCN1CCNCC1,-0.355996227
A20C5B9,CCCCCCCCCCCCCCCC(=O)OCCCCCC(NC1CCNCC1)C(=O)NCCCCCCCC\C=C/CCCCCCCC,1.776902139
A20C4B9,CCCCCCCCCCCCCCCCCCNC(=O)C(CCCCCOC(=O)CCCCCCCCCCCCCCC)NC1CCNCC1,1.801015717
A20C1B9,CCCCCCCCCCCCCCCC(=O)OCCCCCC(NC1CCNCC1)C(=O)NCCCCCCCCCCCC,0.610591391
A20C2B9,CCCCCCCCCCCCCCCC(=O)OCCCCCC(NC1CCNCC1)C(=O)NCCCCCCCCCCCCCC,-1.393626645
A20C3B9,CCCCCCCCCCCCCCCCNC(=O)C(CCCCCOC(=O)CCCCCCCCCCCCCCC)NC1CCNCC1,1.220678302
A1C5B9,CCCCCCCCCCCCCCCC(=O)OCCCCCC(NCCN(C)C)C(=O)NCCCCCCCC\C=C/CCCCCCCC,7.262822761
A1C4B9,CCCCCCCCCCCCCCCCCCNC(=O)C(CCCCCOC(=O)CCCCCCCCCCCCCCC)NCCN(C)C,3.575336466
A1C1B9,CCCCCCCCCCCCCCCC(=O)OCCCCCC(NCCN(C)C)C(=O)NCCCCCCCCCCCC,1.268073193
A1C2B9,CCCCCCCCCCCCCCCC(=O)OCCCCCC(NCCN(C)C)C(=O)NCCCCCCCCCCCCCC,5.74562992
A1C3B9,CCCCCCCCCCCCCCCCNC(=O)C(CCCCCOC(=O)CCCCCCCCCCCCCCC)NCCN(C)C,2.244078239
A6C5B9,CCCCCCCCCCCCCCCC(=O)OCCCCCC(NCCCN(C)C)C(=O)NCCCCCCCC\C=C/CCCCCCCC,8.996757732
A6C4B9,CCCCCCCCCCCCCCCCCCNC(=O)C(CCCCCOC(=O)CCCCCCCCCCCCCCC)NCCCN(C)C,7.073602003
A6C1B9,CCCCCCCCCCCCCCCC(=O)OCCCCCC(NCCCN(C)C)C(=O)NCCCCCCCCCCCC,4.642093043
A6C2B9,CCCCCCCCCCCCCCCC(=O)OCCCCCC(NCCCN(C)C)C(=O)NCCCCCCCCCCCCCC,7.351955628
A6C3B9,CCCCCCCCCCCCCCCCNC(=O)C(CCCCCOC(=O)CCCCCCCCCCCCCCC)NCCCN(C)C,3.660197627
A3C5B9,CCCCCCCCCCCCCCCC(=O)OCCCCCC(NCCCN(CC)CC)C(=O)NCCCCCCCC\C=C/CCCCCCCC,6.236134682
A3C4B9,CCCCCCCCCCCCCCCCCCNC(=O)C(CCCCCOC(=O)CCCCCCCCCCCCCCC)NCCCN(CC)CC,7.346620478
A3C1B9,CCCCCCCCCCCCCCCC(=O)OCCCCCC(NCCCN(CC)CC)C(=O)NCCCCCCCCCCCC,2.796299734
A3C2B9,CCCCCCCCCCCCCCCC(=O)OCCCCCC(NCCCN(CC)CC)C(=O)NCCCCCCCCCCCCCC,4.667127164
A3C3B9,CCCCCCCCCCCCCCCCNC(=O)C(CCCCCOC(=O)CCCCCCCCCCCCCCC)NCCCN(CC)CC,1.252429733
A8C5B9,CCCCCCCCCCCCCCCC(=O)OCCCCCC(NCCCN(CCCC)CCCC)C(=O)NCCCCCCCC\C=C/CCCCCCCC,1.307534704
A8C4B9,CCCCCCCCCCCCCCCCCCNC(=O)C(CCCCCOC(=O)CCCCCCCCCCCCCCC)NCCCN(CCCC)CCCC,6.02890007
A8C1B9,CCCCCCCCCCCCCCCC(=O)OCCCCCC(NCCCN(CCCC)CCCC)C(=O)NCCCCCCCCCCCC,4.220719845
A8C2B9,CCCCCCCCCCCCCCCC(=O)OCCCCCC(NCCCN(CCCC)CCCC)C(=O)NCCCCCCCCCCCCCC,7.820814702
A8C3B9,CCCCCCCCCCCCCCCCNC(=O)C(CCCCCOC(=O)CCCCCCCCCCCCCCC)NCCCN(CCCC)CCCC,6.267734374
A2C5B9,CCCCCCCCCCCCCCCC(=O)OCCCCCC(NCCCN1CCCC1)C(=O)NCCCCCCCC\C=C/CCCCCCCC,6.687089232
A2C4B9,CCCCCCCCCCCCCCCCCCNC(=O)C(CCCCCOC(=O)CCCCCCCCCCCCCCC)NCCCN1CCCC1,7.663330282
A2C1B9,CCCCCCCCCCCCCCCC(=O)OCCCCCC(NCCCN1CCCC1)C(=O)NCCCCCCCCCCCC,4.5769098
A2C2B9,CCCCCCCCCCCCCCCC(=O)OCCCCCC(NCCCN1CCCC1)C(=O)NCCCCCCCCCCCCCC,6.100806378
A2C3B9,CCCCCCCCCCCCCCCCNC(=O)C(CCCCCOC(=O)CCCCCCCCCCCCCCC)NCCCN1CCCC1,2.279572154
A7C5B9,CCCCCCCCCCCCCCCC(=O)OCCCCCC(NCCCN1CCOCC1)C(=O)NCCCCCCCC\C=C/CCCCCCCC,7.889170585
A7C4B9,CCCCCCCCCCCCCCCCCCNC(=O)C(CCCCCOC(=O)CCCCCCCCCCCCCCC)NCCCN1CCOCC1,7.611278379
A7C1B9,CCCCCCCCCCCCCCCC(=O)OCCCCCC(NCCCN1CCOCC1)C(=O)NCCCCCCCCCCCC,4.91895425
A7C2B9,CCCCCCCCCCCCCCCC(=O)OCCCCCC(NCCCN1CCOCC1)C(=O)NCCCCCCCCCCCCCC,7.097005865
A7C3B9,CCCCCCCCCCCCCCCCNC(=O)C(CCCCCOC(=O)CCCCCCCCCCCCCCC)NCCCN1CCOCC1,3.930576788
A4C5B9,CCCCCCCCCCCCCCCC(=O)OCCCCCC(NCCN(CC)CC)C(=O)NCCCCCCCC\C=C/CCCCCCCC,7.478836852
A4C4B9,CCCCCCCCCCCCCCCCCCNC(=O)C(CCCCCOC(=O)CCCCCCCCCCCCCCC)NCCN(CC)CC,5.132558208
A4C1B9,CCCCCCCCCCCCCCCC(=O)OCCCCCC(NCCN(CC)CC)C(=O)NCCCCCCCCCCCC,4.421133342
A4C2B9,CCCCCCCCCCCCCCCC(=O)OCCCCCC(NCCN(CC)CC)C(=O)NCCCCCCCCCCCCCC,6.024686156
A4C3B9,CCCCCCCCCCCCCCCCNC(=O)C(CCCCCOC(=O)CCCCCCCCCCCCCCC)NCCN(CC)CC,2.746642473
A11C5B9,CCCCCCCCCCCCCCCC(=O)OCCCCCC(NN1CCOCC1)C(=O)NCCCCCCCC\C=C/CCCCCCCC,7.436017438
A11C4B9,CCCCCCCCCCCCCCCCCCNC(=O)C(CCCCCOC(=O)CCCCCCCCCCCCCCC)NN1CCOCC1,5.749361391
A11C1B9,CCCCCCCCCCCCCCCC(=O)OCCCCCC(NN1CCOCC1)C(=O)NCCCCCCCCCCCC,7.359804026
A11C2B9,CCCCCCCCCCCCCCCC(=O)OCCCCCC(NN1CCOCC1)C(=O)NCCCCCCCCCCCCCC,6.832702588
A11C3B9,CCCCCCCCCCCCCCCCNC(=O)C(CCCCCOC(=O)CCCCCCCCCCCCCCC)NN1CCOCC1,5.332972645
A12C5B9,CCCCCCCCCCCCCCCC(=O)OCCCCCC(NC1CCN(C)CC1)C(=O)NCCCCCCCC\C=C/CCCCCCCC,7.232021123
A12C4B9,CCCCCCCCCCCCCCCCCCNC(=O)C(CCCCCOC(=O)CCCCCCCCCCCCCCC)NC1CCN(C)CC1,5.687575932
A12C1B9,CCCCCCCCCCCCCCCC(=O)OCCCCCC(NC1CCN(C)CC1)C(=O)NCCCCCCCCCCCC,6.824597573
A12C2B9,CCCCCCCCCCCCCCCC(=O)OCCCCCC(NC1CCN(C)CC1)C(=O)NCCCCCCCCCCCCCC,5.539783608
A12C3B9,CCCCCCCCCCCCCCCCNC(=O)C(CCCCCOC(=O)CCCCCCCCCCCCCCC)NC1CCN(C)CC1,5.872978639
A14C5B9,CCCCCCCCCCCCCCCC(=O)OCCCCCC(NC1=CNN=C1)C(=O)NCCCCCCCC\C=C/CCCCCCCC,6.233619677
A14C4B9,CCCCCCCCCCCCCCCCCCNC(=O)C(CCCCCOC(=O)CCCCCCCCCCCCCCC)NC1=CNN=C1,5.630583286
A14C1B9,CCCCCCCCCCCCCCCC(=O)OCCCCCC(NC1=CNN=C1)C(=O)NCCCCCCCCCCCC,7.515144879
A14C2B9,CCCCCCCCCCCCCCCC(=O)OCCCCCC(NC1=CNN=C1)C(=O)NCCCCCCCCCCCCCC,5.533653343
A14C3B9,CCCCCCCCCCCCCCCCNC(=O)C(CCCCCOC(=O)CCCCCCCCCCCCCCC)NC1=CNN=C1,5.603559494
A9C5B9,CCCCCCCCCCCCCCCC(=O)OCCCCCC(NC1=CC(C)=NN1C)C(=O)NCCCCCCCC\C=C/CCCCCCCC,7.992466327
A9C4B9,CCCCCCCCCCCCCCCCCCNC(=O)C(CCCCCOC(=O)CCCCCCCCCCCCCCC)NC1=CC(C)=NN1C,6.191665899
A9C1B9,CCCCCCCCCCCCCCCC(=O)OCCCCCC(NC1=CC(C)=NN1C)C(=O)NCCCCCCCCCCCC,7.533653342
A9C2B9,CCCCCCCCCCCCCCCC(=O)OCCCCCC(NC1=CC(C)=NN1C)C(=O)NCCCCCCCCCCCCCC,6.886617259
A9C3B9,CCCCCCCCCCCCCCCCNC(=O)C(CCCCCOC(=O)CCCCCCCCCCCCCCC)NC1=CC(C)=NN1C,5.964236937
A13C5B9,CCCCCCCCCCCCCCCC(=O)OCCCCCC(NN1CCCCC1)C(=O)NCCCCCCCC\C=C/CCCCCCCC,7.367778746
A13C4B9,CCCCCCCCCCCCCCCCCCNC(=O)C(CCCCCOC(=O)CCCCCCCCCCCCCCC)NN1CCCCC1,5.84781427
A13C1B9,CCCCCCCCCCCCCCCC(=O)OCCCCCC(NN1CCCCC1)C(=O)NCCCCCCCCCCCC,7.648144747
A13C2B9,CCCCCCCCCCCCCCCC(=O)OCCCCCC(NN1CCCCC1)C(=O)NCCCCCCCCCCCCCC,7.240707318
A13C3B9,CCCCCCCCCCCCCCCCNC(=O)C(CCCCCOC(=O)CCCCCCCCCCCCCCC)NN1CCCCC1,5.826208675
A5C5B9,CCCCCCCCCCCCCCCC(=O)OCCCCCC(NCCN(CCN)CCN)C(=O)NCCCCCCCC\C=C/CCCCCCCC,1.21547602
A5C4B9,CCCCCCCCCCCCCCCCCCNC(=O)C(CCCCCOC(=O)CCCCCCCCCCCCCCC)NCCN(CCN)CCN,7.10509577
A5C1B9,CCCCCCCCCCCCCCCC(=O)OCCCCCC(NCCN(CCN)CCN)C(=O)NCCCCCCCCCCCC,4.486213251
A5C2B9,CCCCCCCCCCCCCCCC(=O)OCCCCCC(NCCN(CCN)CCN)C(=O)NCCCCCCCCCCCCCC,5.327581158
A5C3B9,CCCCCCCCCCCCCCCCNC(=O)C(CCCCCOC(=O)CCCCCCCCCCCCCCC)NCCN(CCN)CCN,3.898690919
A10C5B9,CCCCCCCCCCCCCCCC(=O)OCCCCCC(NCCN1CCCC1)C(=O)NCCCCCCCC\C=C/CCCCCCCC,8.855647166
A10C4B9,CCCCCCCCCCCCCCCCCCNC(=O)C(CCCCCOC(=O)CCCCCCCCCCCCCCC)NCCN1CCCC1,6.112229769
A10C1B9,CCCCCCCCCCCCCCCC(=O)OCCCCCC(NCCN1CCCC1)C(=O)NCCCCCCCCCCCC,4.42487481
A10C2B9,CCCCCCCCCCCCCCCC(=O)OCCCCCC(NCCN1CCCC1)C(=O)NCCCCCCCCCCCCCC,7.415166495
A10C3B9,CCCCCCCCCCCCCCCCNC(=O)C(CCCCCOC(=O)CCCCCCCCCCCCCCC)NCCN1CCCC1,6.030332483
A15C5B9,CCCCCCCCCCCCCCCC(=O)OCCCCCC(NCCN1CCCCC1)C(=O)NCCCCCCCC\C=C/CCCCCCCC,7.079484784
A15C4B9,CCCCCCCCCCCCCCCCCCNC(=O)C(CCCCCOC(=O)CCCCCCCCCCCCCCC)NCCN1CCCCC1,6.772755486
A15C1B9,CCCCCCCCCCCCCCCC(=O)OCCCCCC(NCCN1CCCCC1)C(=O)NCCCCCCCCCCCC,8.317858989
A15C2B9,CCCCCCCCCCCCCCCC(=O)OCCCCCC(NCCN1CCCCC1)C(=O)NCCCCCCCCCCCCCC,7.608142306
A15C3B9,CCCCCCCCCCCCCCCCNC(=O)C(CCCCCOC(=O)CCCCCCCCCCCCCCC)NCCN1CCCCC1,6.589063185
A16C5B9,CCCCCCCCCCCCCCCC(=O)OCCCCCC(NCCN(C(C)C)C(C)C)C(=O)NCCCCCCCC\C=C/CCCCCCCC,6.914385132
A16C4B9,CCCCCCCCCCCCCCCCCCNC(=O)C(CCCCCOC(=O)CCCCCCCCCCCCCCC)NCCN(C(C)C)C(C)C,6.938194074
A16C1B9,CCCCCCCCCCCCCCCC(=O)OCCCCCC(NCCN(C(C)C)C(C)C)C(=O)NCCCCCCCCCCCC,8.542312737
A16C2B9,CCCCCCCCCCCCCCCC(=O)OCCCCCC(NCCN(C(C)C)C(C)C)C(=O)NCCCCCCCCCCCCCC,-0.637749379
A16C3B9,CCCCCCCCCCCCCCCCNC(=O)C(CCCCCOC(=O)CCCCCCCCCCCCCCC)NCCN(C(C)C)C(C)C,6.785755459
A17C5B3,CCCCCCCCCC(=O)OCCCCCC(NCCCN(C)CCCN)C(=O)NCCCCCCCC\C=C/CCCCCCCC,0.926485913
A17C4B3,CCCCCCCCCCCCCCCCCCNC(=O)C(CCCCCOC(=O)CCCCCCCCC)NCCCN(C)CCCN,-0.362306549
A17C1B3,CCCCCCCCCCCCNC(=O)C(CCCCCOC(=O)CCCCCCCCC)NCCCN(C)CCCN,0.213630797
A17C2B3,CCCCCCCCCCCCCCNC(=O)C(CCCCCOC(=O)CCCCCCCCC)NCCCN(C)CCCN,1.020160833
A17C3B3,CCCCCCCCCCCCCCCCNC(=O)C(CCCCCOC(=O)CCCCCCCCC)NCCCN(C)CCCN,0.047186685
A18C5B3,CCCCCCCCCC(=O)OCCCCCC(NCC1CCCN1CC)C(=O)NCCCCCCCC\C=C/CCCCCCCC,1.61334263
A18C4B3,CCCCCCCCCCCCCCCCCCNC(=O)C(CCCCCOC(=O)CCCCCCCCC)NCC1CCCN1CC,4.995756309
A18C1B3,CCCCCCCCCCCCNC(=O)C(CCCCCOC(=O)CCCCCCCCC)NCC1CCCN1CC,1.099932965
A18C2B3,CCCCCCCCCCCCCCNC(=O)C(CCCCCOC(=O)CCCCCCCCC)NCC1CCCN1CC,0.37298727
A18C3B3,CCCCCCCCCCCCCCCCNC(=O)C(CCCCCOC(=O)CCCCCCCCC)NCC1CCCN1CC,0.818730632
A19C5B3,CCCCCCCCCC(=O)OCCCCCC(NCCN1CCNCC1)C(=O)NCCCCCCCC\C=C/CCCCCCCC,2.560463161
A19C4B3,CCCCCCCCCCCCCCCCCCNC(=O)C(CCCCCOC(=O)CCCCCCCCC)NCCN1CCNCC1,1.158675325
A19C1B3,CCCCCCCCCCCCNC(=O)C(CCCCCOC(=O)CCCCCCCCC)NCCN1CCNCC1,1.716023514
A19C2B3,CCCCCCCCCCCCCCNC(=O)C(CCCCCOC(=O)CCCCCCCCC)NCCN1CCNCC1,2.188161263
A19C3B3,CCCCCCCCCCCCCCCCNC(=O)C(CCCCCOC(=O)CCCCCCCCC)NCCN1CCNCC1,2.191626192
A20C5B3,CCCCCCCCCC(=O)OCCCCCC(NC1CCNCC1)C(=O)NCCCCCCCC\C=C/CCCCCCCC,1.907087768
A20C4B3,CCCCCCCCCCCCCCCCCCNC(=O)C(CCCCCOC(=O)CCCCCCCCC)NC1CCNCC1,2.872665041
A20C1B3,CCCCCCCCCCCCNC(=O)C(CCCCCOC(=O)CCCCCCCCC)NC1CCNCC1,0.77771382
A20C2B3,CCCCCCCCCCCCCCNC(=O)C(CCCCCOC(=O)CCCCCCCCC)NC1CCNCC1,0.340670927
A20C3B3,CCCCCCCCCCCCCCCCNC(=O)C(CCCCCOC(=O)CCCCCCCCC)NC1CCNCC1,1.575811641
A1C5B3,CCCCCCCCCC(=O)OCCCCCC(NCCN(C)C)C(=O)NCCCCCCCC\C=C/CCCCCCCC,7.454717001
A1C4B3,CCCCCCCCCCCCCCCCCCNC(=O)C(CCCCCOC(=O)CCCCCCCCC)NCCN(C)C,6.915526901
A1C1B3,CCCCCCCCCCCCNC(=O)C(CCCCCOC(=O)CCCCCCCCC)NCCN(C)C,2.374906739
A1C2B3,CCCCCCCCCCCCCCNC(=O)C(CCCCCOC(=O)CCCCCCCCC)NCCN(C)C,5.121088888
A1C3B3,CCCCCCCCCCCCCCCCNC(=O)C(CCCCCOC(=O)CCCCCCCCC)NCCN(C)C,0.956934233
A6C5B3,CCCCCCCCCC(=O)OCCCCCC(NCCCN(C)C)C(=O)NCCCCCCCC\C=C/CCCCCCCC,11.55318823
A6C4B3,CCCCCCCCCCCCCCCCCCNC(=O)C(CCCCCOC(=O)CCCCCCCCC)NCCCN(C)C,7.999709099
A6C1B3,CCCCCCCCCCCCNC(=O)C(CCCCCOC(=O)CCCCCCCCC)NCCCN(C)C,5.758452103
A6C2B3,CCCCCCCCCCCCCCNC(=O)C(CCCCCOC(=O)CCCCCCCCC)NCCCN(C)C,8.11860748
A6C3B3,CCCCCCCCCCCCCCCCNC(=O)C(CCCCCOC(=O)CCCCCCCCC)NCCCN(C)C,7.410435644
A3C5B3,CCCCCCCCCC(=O)OCCCCCC(NCCCN(CC)CC)C(=O)NCCCCCCCC\C=C/CCCCCCCC,8.711196025
A3C4B3,CCCCCCCCCCCCCCCCCCNC(=O)C(CCCCCOC(=O)CCCCCCCCC)NCCCN(CC)CC,5.721983494
A3C1B3,CCCCCCCCCCCCNC(=O)C(CCCCCOC(=O)CCCCCCCCC)NCCCN(CC)CC,3.111872333
A3C2B3,CCCCCCCCCCCCCCNC(=O)C(CCCCCOC(=O)CCCCCCCCC)NCCCN(CC)CC,5.627567315
A3C3B3,CCCCCCCCCCCCCCCCNC(=O)C(CCCCCOC(=O)CCCCCCCCC)NCCCN(CC)CC,3.955005309
A8C5B3,CCCCCCCCCC(=O)OCCCCCC(NCCCN(CCCC)CCCC)C(=O)NCCCCCCCC\C=C/CCCCCCCC,14.60894915
A8C4B3,CCCCCCCCCCCCCCCCCCNC(=O)C(CCCCCOC(=O)CCCCCCCCC)NCCCN(CCCC)CCCC,13.21307388
A8C1B3,CCCCCCCCCCCCNC(=O)C(CCCCCOC(=O)CCCCCCCCC)NCCCN(CCCC)CCCC,9.258089477
A8C2B3,CCCCCCCCCCCCCCNC(=O)C(CCCCCOC(=O)CCCCCCCCC)NCCCN(CCCC)CCCC,11.05668906
A8C3B3,CCCCCCCCCCCCCCCCNC(=O)C(CCCCCOC(=O)CCCCCCCCC)NCCCN(CCCC)CCCC,9.816183737
A2C5B3,CCCCCCCCCC(=O)OCCCCCC(NCCCN1CCCC1)C(=O)NCCCCCCCC\C=C/CCCCCCCC,8.629741416
A2C4B3,CCCCCCCCCCCCCCCCCCNC(=O)C(CCCCCOC(=O)CCCCCCCCC)NCCCN1CCCC1,6.865175443
A2C1B3,CCCCCCCCCCCCNC(=O)C(CCCCCOC(=O)CCCCCCCCC)NCCCN1CCCC1,3.740540367
A2C2B3,CCCCCCCCCCCCCCNC(=O)C(CCCCCOC(=O)CCCCCCCCC)NCCCN1CCCC1,6.229997523
A2C3B3,CCCCCCCCCCCCCCCCNC(=O)C(CCCCCOC(=O)CCCCCCCCC)NCCCN1CCCC1,3.409273135
A7C5B3,CCCCCCCCCC(=O)OCCCCCC(NCCCN1CCOCC1)C(=O)NCCCCCCCC\C=C/CCCCCCCC,11.12052447
A7C4B3,CCCCCCCCCCCCCCCCCCNC(=O)C(CCCCCOC(=O)CCCCCCCCC)NCCCN1CCOCC1,10.09037393
A7C1B3,CCCCCCCCCCCCNC(=O)C(CCCCCOC(=O)CCCCCCCCC)NCCCN1CCOCC1,6.664576204
A7C2B3,CCCCCCCCCCCCCCNC(=O)C(CCCCCOC(=O)CCCCCCCCC)NCCCN1CCOCC1,7.041789748
A7C3B3,CCCCCCCCCCCCCCCCNC(=O)C(CCCCCOC(=O)CCCCCCCCC)NCCCN1CCOCC1,6.685466225
A4C5B3,CCCCCCCCCC(=O)OCCCCCC(NCCN(CC)CC)C(=O)NCCCCCCCC\C=C/CCCCCCCC,8.365583963
A4C4B3,CCCCCCCCCCCCCCCCCCNC(=O)C(CCCCCOC(=O)CCCCCCCCC)NCCN(CC)CC,7.677942386
A4C1B3,CCCCCCCCCCCCNC(=O)C(CCCCCOC(=O)CCCCCCCCC)NCCN(CC)CC,4.171759325
A4C2B3,CCCCCCCCCCCCCCNC(=O)C(CCCCCOC(=O)CCCCCCCCC)NCCN(CC)CC,4.497262062
A4C3B3,CCCCCCCCCCCCCCCCNC(=O)C(CCCCCOC(=O)CCCCCCCCC)NCCN(CC)CC,2.875187235
A11C5B3,CCCCCCCCCC(=O)OCCCCCC(NN1CCOCC1)C(=O)NCCCCCCCC\C=C/CCCCCCCC,7.623576706
A11C4B3,CCCCCCCCCCCCCCCCCCNC(=O)C(CCCCCOC(=O)CCCCCCCCC)NN1CCOCC1,6.61774931
A11C1B3,CCCCCCCCCCCCNC(=O)C(CCCCCOC(=O)CCCCCCCCC)NN1CCOCC1,8.340304584
A11C2B3,CCCCCCCCCCCCCCNC(=O)C(CCCCCOC(=O)CCCCCCCCC)NN1CCOCC1,7.606421455
A11C3B3,CCCCCCCCCCCCCCCCNC(=O)C(CCCCCOC(=O)CCCCCCCCC)NN1CCOCC1,6.541991414
A12C5B3,CCCCCCCCCC(=O)OCCCCCC(NC1CCN(C)CC1)C(=O)NCCCCCCCC\C=C/CCCCCCCC,7.990576746
A12C4B3,CCCCCCCCCCCCCCCCCCNC(=O)C(CCCCCOC(=O)CCCCCCCCC)NC1CCN(C)CC1,8.120738041
A12C1B3,CCCCCCCCCCCCNC(=O)C(CCCCCOC(=O)CCCCCCCCC)NC1CCN(C)CC1,8.260755976
A12C2B3,CCCCCCCCCCCCCCNC(=O)C(CCCCCOC(=O)CCCCCCCCC)NC1CCN(C)CC1,6.039118929
A12C3B3,CCCCCCCCCCCCCCCCNC(=O)C(CCCCCOC(=O)CCCCCCCCC)NC1CCN(C)CC1,8.099161263
A14C5B3,CCCCCCCCCC(=O)OCCCCCC(NC1=CNN=C1)C(=O)NCCCCCCCC\C=C/CCCCCCCC,7.121533517
A14C4B3,CCCCCCCCCCCCCCCCCCNC(=O)C(CCCCCOC(=O)CCCCCCCCC)NC1=CNN=C1,7.04608708
A14C1B3,CCCCCCCCCCCCNC(=O)C(CCCCCOC(=O)CCCCCCCCC)NC1=CNN=C1,8.082639675
A14C2B3,CCCCCCCCCCCCCCNC(=O)C(CCCCCOC(=O)CCCCCCCCC)NC1=CNN=C1,6.630643547
A14C3B3,CCCCCCCCCCCCCCCCNC(=O)C(CCCCCOC(=O)CCCCCCCCC)NC1=CNN=C1,6.963260531
A9C5B3,CCCCCCCCCC(=O)OCCCCCC(NC1=CC(C)=NN1C)C(=O)NCCCCCCCC\C=C/CCCCCCCC,10.10443495
A9C4B3,CCCCCCCCCCCCCCCCCCNC(=O)C(CCCCCOC(=O)CCCCCCCCC)NC1=CC(C)=NN1C,8.657475765
A9C1B3,CCCCCCCCCCCCNC(=O)C(CCCCCOC(=O)CCCCCCCCC)NC1=CC(C)=NN1C,7.530039327
A9C2B3,CCCCCCCCCCCCCCNC(=O)C(CCCCCOC(=O)CCCCCCCCC)NC1=CC(C)=NN1C,5.859196558
A9C3B3,CCCCCCCCCCCCCCCCNC(=O)C(CCCCCOC(=O)CCCCCCCCC)NC1=CC(C)=NN1C,8.749939463
A13C5B3,CCCCCCCCCC(=O)OCCCCCC(NN1CCCCC1)C(=O)NCCCCCCCC\C=C/CCCCCCCC,7.528128483
A13C4B3,CCCCCCCCCCCCCCCCCCNC(=O)C(CCCCCOC(=O)CCCCCCCCC)NN1CCCCC1,8.172197468
A13C1B3,CCCCCCCCCCCCNC(=O)C(CCCCCOC(=O)CCCCCCCCC)NN1CCCCC1,8.572009562
A13C2B3,CCCCCCCCCCCCCCNC(=O)C(CCCCCOC(=O)CCCCCCCCC)NN1CCCCC1,6.237503339
A13C3B3,CCCCCCCCCCCCCCCCNC(=O)C(CCCCCOC(=O)CCCCCCCCC)NN1CCCCC1,8.149877162
A5C5B3,CCCCCCCCCC(=O)OCCCCCC(NCCN(CCN)CCN)C(=O)NCCCCCCCC\C=C/CCCCCCCC,9.889236844
A5C4B3,CCCCCCCCCCCCCCCCCCNC(=O)C(CCCCCOC(=O)CCCCCCCCC)NCCN(CCN)CCN,9.502316719
A5C1B3,CCCCCCCCCCCCNC(=O)C(CCCCCOC(=O)CCCCCCCCC)NCCN(CCN)CCN,5.924767182
A5C2B3,CCCCCCCCCCCCCCNC(=O)C(CCCCCOC(=O)CCCCCCCCC)NCCN(CCN)CCN,6.474078291
A5C3B3,CCCCCCCCCCCCCCCCNC(=O)C(CCCCCOC(=O)CCCCCCCCC)NCCN(CCN)CCN,5.027557406
A10C5B3,CCCCCCCCCC(=O)OCCCCCC(NCCN1CCCC1)C(=O)NCCCCCCCC\C=C/CCCCCCCC,8.723234301
A10C4B3,CCCCCCCCCCCCCCCCCCNC(=O)C(CCCCCOC(=O)CCCCCCCCC)NCCN1CCCC1,7.021404494
A10C1B3,CCCCCCCCCCCCNC(=O)C(CCCCCOC(=O)CCCCCCCCC)NCCN1CCCC1,8.063189349
A10C2B3,CCCCCCCCCCCCCCNC(=O)C(CCCCCOC(=O)CCCCCCCCC)NCCN1CCCC1,8.656441202
A10C3B3,CCCCCCCCCCCCCCCCNC(=O)C(CCCCCOC(=O)CCCCCCCCC)NCCN1CCCC1,7.039612094
A15C5B3,CCCCCCCCCC(=O)OCCCCCC(NCCN1CCCCC1)C(=O)NCCCCCCCC\C=C/CCCCCCCC,8.496520937
A15C4B3,CCCCCCCCCCCCCCCCCCNC(=O)C(CCCCCOC(=O)CCCCCCCCC)NCCN1CCCCC1,8.258516948
A15C1B3,CCCCCCCCCCCCNC(=O)C(CCCCCOC(=O)CCCCCCCCC)NCCN1CCCCC1,8.867660567
A15C2B3,CCCCCCCCCCCCCCNC(=O)C(CCCCCOC(=O)CCCCCCCCC)NCCN1CCCCC1,8.644944296
A15C3B3,CCCCCCCCCCCCCCCCNC(=O)C(CCCCCOC(=O)CCCCCCCCC)NCCN1CCCCC1,8.13982192
A16C5B3,CCCCCCCCCC(=O)OCCCCCC(NCCN(C(C)C)C(C)C)C(=O)NCCCCCCCC\C=C/CCCCCCCC,8.634659816
A16C4B3,CCCCCCCCCCCCCCCCCCNC(=O)C(CCCCCOC(=O)CCCCCCCCC)NCCN(C(C)C)C(C)C,6.620469202
A16C1B3,CCCCCCCCCCCCNC(=O)C(CCCCCOC(=O)CCCCCCCCC)NCCN(C(C)C)C(C)C,7.780362632
A16C2B3,CCCCCCCCCCCCCCNC(=O)C(CCCCCOC(=O)CCCCCCCCC)NCCN(C(C)C)C(C)C,8.157449345
A16C3B3,CCCCCCCCCCCCCCCCNC(=O)C(CCCCCOC(=O)CCCCCCCCC)NCCN(C(C)C)C(C)C,6.758378713
A17C5B7,CCCCCCCC\C=C/CCCCCCCCNC(=O)C(CCCCCOC(=O)CCCCCCCCC#C)NCCCN(C)CCCN,0.078480098
A17C4B7,CCCCCCCCCCCCCCCCCCNC(=O)C(CCCCCOC(=O)CCCCCCCCC#C)NCCCN(C)CCCN,0.48393258
A17C1B7,CCCCCCCCCCCCNC(=O)C(CCCCCOC(=O)CCCCCCCCC#C)NCCCN(C)CCCN,0.121732919
A17C2B7,CCCCCCCCCCCCCCNC(=O)C(CCCCCOC(=O)CCCCCCCCC#C)NCCCN(C)CCCN,1.870151814
A17C3B7,CCCCCCCCCCCCCCCCNC(=O)C(CCCCCOC(=O)CCCCCCCCC#C)NCCCN(C)CCCN,0.240203697
A18C5B7,CCCCCCCC\C=C/CCCCCCCCNC(=O)C(CCCCCOC(=O)CCCCCCCCC#C)NCC1CCCN1CC,0.608027568
A18C4B7,CCCCCCCCCCCCCCCCCCNC(=O)C(CCCCCOC(=O)CCCCCCCCC#C)NCC1CCCN1CC,0.583937204
A18C1B7,CCCCCCCCCCCCNC(=O)C(CCCCCOC(=O)CCCCCCCCC#C)NCC1CCCN1CC,1.547099217
A18C2B7,CCCCCCCCCCCCCCNC(=O)C(CCCCCOC(=O)CCCCCCCCC#C)NCC1CCCN1CC,1.283886448
A18C3B7,CCCCCCCCCCCCCCCCNC(=O)C(CCCCCOC(=O)CCCCCCCCC#C)NCC1CCCN1CC,0.953283501
A19C5B7,CCCCCCCC\C=C/CCCCCCCCNC(=O)C(CCCCCOC(=O)CCCCCCCCC#C)NCCN1CCNCC1,1.248788939
A19C4B7,CCCCCCCCCCCCCCCCCCNC(=O)C(CCCCCOC(=O)CCCCCCCCC#C)NCCN1CCNCC1,0.315765356
A19C1B7,CCCCCCCCCCCCNC(=O)C(CCCCCOC(=O)CCCCCCCCC#C)NCCN1CCNCC1,1.387220498
A19C2B7,CCCCCCCCCCCCCCNC(=O)C(CCCCCOC(=O)CCCCCCCCC#C)NCCN1CCNCC1,2.035671716
A19C3B7,CCCCCCCCCCCCCCCCNC(=O)C(CCCCCOC(=O)CCCCCCCCC#C)NCCN1CCNCC1,1.190144639
A20C5B7,CCCCCCCC\C=C/CCCCCCCCNC(=O)C(CCCCCOC(=O)CCCCCCCCC#C)NC1CCNCC1,1.725336842
A20C4B7,CCCCCCCCCCCCCCCCCCNC(=O)C(CCCCCOC(=O)CCCCCCCCC#C)NC1CCNCC1,-0.398325772
A20C1B7,CCCCCCCCCCCCNC(=O)C(CCCCCOC(=O)CCCCCCCCC#C)NC1CCNCC1,0.857306754
A20C2B7,CCCCCCCCCCCCCCNC(=O)C(CCCCCOC(=O)CCCCCCCCC#C)NC1CCNCC1,-1.598296976
A20C3B7,CCCCCCCCCCCCCCCCNC(=O)C(CCCCCOC(=O)CCCCCCCCC#C)NC1CCNCC1,0.589669503
A1C5B7,CCCCCCCC\C=C/CCCCCCCCNC(=O)C(CCCCCOC(=O)CCCCCCCCC#C)NCCN(C)C,6.931492581
A1C4B7,CCCCCCCCCCCCCCCCCCNC(=O)C(CCCCCOC(=O)CCCCCCCCC#C)NCCN(C)C,1.897003481
A1C1B7,CCCCCCCCCCCCNC(=O)C(CCCCCOC(=O)CCCCCCCCC#C)NCCN(C)C,-0.039069565
A1C2B7,CCCCCCCCCCCCCCNC(=O)C(CCCCCOC(=O)CCCCCCCCC#C)NCCN(C)C,4.267516873
A1C3B7,CCCCCCCCCCCCCCCCNC(=O)C(CCCCCOC(=O)CCCCCCCCC#C)NCCN(C)C,-0.193548008
A6C5B7,CCCCCCCC\C=C/CCCCCCCCNC(=O)C(CCCCCOC(=O)CCCCCCCCC#C)NCCCN(C)C,7.245699411
A6C4B7,CCCCCCCCCCCCCCCCCCNC(=O)C(CCCCCOC(=O)CCCCCCCCC#C)NCCCN(C)C,6.235958403
A6C1B7,CCCCCCCCCCCCNC(=O)C(CCCCCOC(=O)CCCCCCCCC#C)NCCCN(C)C,4.260336008
A6C2B7,CCCCCCCCCCCCCCNC(=O)C(CCCCCOC(=O)CCCCCCCCC#C)NCCCN(C)C,6.814874539
A6C3B7,CCCCCCCCCCCCCCCCNC(=O)C(CCCCCOC(=O)CCCCCCCCC#C)NCCCN(C)C,5.189380615
A3C5B7,CCCCCCCC\C=C/CCCCCCCCNC(=O)C(CCCCCOC(=O)CCCCCCCCC#C)NCCCN(CC)CC,6.775325342
A3C4B7,CCCCCCCCCCCCCCCCCCNC(=O)C(CCCCCOC(=O)CCCCCCCCC#C)NCCCN(CC)CC,6.878053015
A3C1B7,CCCCCCCCCCCCNC(=O)C(CCCCCOC(=O)CCCCCCCCC#C)NCCCN(CC)CC,1.466422886
A3C2B7,CCCCCCCCCCCCCCNC(=O)C(CCCCCOC(=O)CCCCCCCCC#C)NCCCN(CC)CC,2.322259537
A3C3B7,CCCCCCCCCCCCCCCCNC(=O)C(CCCCCOC(=O)CCCCCCCCC#C)NCCCN(CC)CC,1.468621222
A8C5B7,CCCCCCCC\C=C/CCCCCCCCNC(=O)C(CCCCCOC(=O)CCCCCCCCC#C)NCCCN(CCCC)CCCC,8.563423552
A8C4B7,CCCCCCCCCCCCCCCCCCNC(=O)C(CCCCCOC(=O)CCCCCCCCC#C)NCCCN(CCCC)CCCC,3.41349722
A8C1B7,CCCCCCCCCCCCNC(=O)C(CCCCCOC(=O)CCCCCCCCC#C)NCCCN(CCCC)CCCC,3.929473004
A8C2B7,CCCCCCCCCCCCCCNC(=O)C(CCCCCOC(=O)CCCCCCCCC#C)NCCCN(CCCC)CCCC,7.300600493
A8C3B7,CCCCCCCCCCCCCCCCNC(=O)C(CCCCCOC(=O)CCCCCCCCC#C)NCCCN(CCCC)CCCC,3.828485983
A2C5B7,CCCCCCCC\C=C/CCCCCCCCNC(=O)C(CCCCCOC(=O)CCCCCCCCC#C)NCCCN1CCCC1,7.055760462
A2C4B7,CCCCCCCCCCCCCCCCCCNC(=O)C(CCCCCOC(=O)CCCCCCCCC#C)NCCCN1CCCC1,6.281898444
A2C1B7,CCCCCCCCCCCCNC(=O)C(CCCCCOC(=O)CCCCCCCCC#C)NCCCN1CCCC1,2.804204932
A2C2B7,CCCCCCCCCCCCCCNC(=O)C(CCCCCOC(=O)CCCCCCCCC#C)NCCCN1CCCC1,4.656474432
A2C3B7,CCCCCCCCCCCCCCCCNC(=O)C(CCCCCOC(=O)CCCCCCCCC#C)NCCCN1CCCC1,2.002373847
A7C5B7,CCCCCCCC\C=C/CCCCCCCCNC(=O)C(CCCCCOC(=O)CCCCCCCCC#C)NCCCN1CCOCC1,7.181569592
A7C4B7,CCCCCCCCCCCCCCCCCCNC(=O)C(CCCCCOC(=O)CCCCCCCCC#C)NCCCN1CCOCC1,6.451985455
A7C1B7,CCCCCCCCCCCCNC(=O)C(CCCCCOC(=O)CCCCCCCCC#C)NCCCN1CCOCC1,2.709728393
A7C2B7,CCCCCCCCCCCCCCNC(=O)C(CCCCCOC(=O)CCCCCCCCC#C)NCCCN1CCOCC1,5.432221821
A7C3B7,CCCCCCCCCCCCCCCCNC(=O)C(CCCCCOC(=O)CCCCCCCCC#C)NCCCN1CCOCC1,2.791942595
A4C5B7,CCCCCCCC\C=C/CCCCCCCCNC(=O)C(CCCCCOC(=O)CCCCCCCCC#C)NCCN(CC)CC,6.728744429
A4C4B7,CCCCCCCCCCCCCCCCCCNC(=O)C(CCCCCOC(=O)CCCCCCCCC#C)NCCN(CC)CC,5.115289124
A4C1B7,CCCCCCCCCCCCNC(=O)C(CCCCCOC(=O)CCCCCCCCC#C)NCCN(CC)CC,1.764238524
A4C2B7,CCCCCCCCCCCCCCNC(=O)C(CCCCCOC(=O)CCCCCCCCC#C)NCCN(CC)CC,4.583365118
A4C3B7,CCCCCCCCCCCCCCCCNC(=O)C(CCCCCOC(=O)CCCCCCCCC#C)NCCN(CC)CC,0.951494991
A11C5B7,CCCCCCCC\C=C/CCCCCCCCNC(=O)C(CCCCCOC(=O)CCCCCCCCC#C)NN1CCOCC1,6.49918151
A11C4B7,CCCCCCCCCCCCCCCCCCNC(=O)C(CCCCCOC(=O)CCCCCCCCC#C)NN1CCOCC1,4.269180622
A11C1B7,CCCCCCCCCCCCNC(=O)C(CCCCCOC(=O)CCCCCCCCC#C)NN1CCOCC1,6.760362811
A11C2B7,CCCCCCCCCCCCCCNC(=O)C(CCCCCOC(=O)CCCCCCCCC#C)NN1CCOCC1,6.536327472
A11C3B7,CCCCCCCCCCCCCCCCNC(=O)C(CCCCCOC(=O)CCCCCCCCC#C)NN1CCOCC1,4.292293247
A12C5B7,CCCCCCCC\C=C/CCCCCCCCNC(=O)C(CCCCCOC(=O)CCCCCCCCC#C)NC1CCN(C)CC1,7.235216462
A12C4B7,CCCCCCCCCCCCCCCCCCNC(=O)C(CCCCCOC(=O)CCCCCCCCC#C)NC1CCN(C)CC1,5.212607607
A12C1B7,CCCCCCCCCCCCNC(=O)C(CCCCCOC(=O)CCCCCCCCC#C)NC1CCN(C)CC1,6.689965053
A12C2B7,CCCCCCCCCCCCCCNC(=O)C(CCCCCOC(=O)CCCCCCCCC#C)NC1CCN(C)CC1,5.076441998
A12C3B7,CCCCCCCCCCCCCCCCNC(=O)C(CCCCCOC(=O)CCCCCCCCC#C)NC1CCN(C)CC1,5.369397717
A14C5B7,CCCCCCCC\C=C/CCCCCCCCNC(=O)C(CCCCCOC(=O)CCCCCCCCC#C)NC1=CNN=C1,5.94641896
A14C4B7,CCCCCCCCCCCCCCCCCCNC(=O)C(CCCCCOC(=O)CCCCCCCCC#C)NC1=CNN=C1,4.44843227
A14C1B7,CCCCCCCCCCCCNC(=O)C(CCCCCOC(=O)CCCCCCCCC#C)NC1=CNN=C1,6.812980149
A14C2B7,CCCCCCCCCCCCCCNC(=O)C(CCCCCOC(=O)CCCCCCCCC#C)NC1=CNN=C1,5.815786817
A14C3B7,CCCCCCCCCCCCCCCCNC(=O)C(CCCCCOC(=O)CCCCCCCCC#C)NC1=CNN=C1,4.291850612
A9C5B7,CCCCCCCC\C=C/CCCCCCCCNC(=O)C(CCCCCOC(=O)CCCCCCCCC#C)NC1=CC(C)=NN1C,7.353146825
A9C4B7,CCCCCCCCCCCCCCCCCCNC(=O)C(CCCCCOC(=O)CCCCCCCCC#C)NC1=CC(C)=NN1C,5.380733025
A9C1B7,CCCCCCCCCCCCNC(=O)C(CCCCCOC(=O)CCCCCCCCC#C)NC1=CC(C)=NN1C,7.281908368
A9C2B7,CCCCCCCCCCCCCCNC(=O)C(CCCCCOC(=O)CCCCCCCCC#C)NC1=CC(C)=NN1C,4.620108645
A9C3B7,CCCCCCCCCCCCCCCCNC(=O)C(CCCCCOC(=O)CCCCCCCCC#C)NC1=CC(C)=NN1C,5.57821809
A13C5B7,CCCCCCCC\C=C/CCCCCCCCNC(=O)C(CCCCCOC(=O)CCCCCCCCC#C)NN1CCCCC1,6.863153805
A13C4B7,CCCCCCCCCCCCCCCCCCNC(=O)C(CCCCCOC(=O)CCCCCCCCC#C)NN1CCCCC1,3.956765505
A13C1B7,CCCCCCCCCCCCNC(=O)C(CCCCCOC(=O)CCCCCCCCC#C)NN1CCCCC1,6.604561639
A13C2B7,CCCCCCCCCCCCCCNC(=O)C(CCCCCOC(=O)CCCCCCCCC#C)NN1CCCCC1,6.535848569
A13C3B7,CCCCCCCCCCCCCCCCNC(=O)C(CCCCCOC(=O)CCCCCCCCC#C)NN1CCCCC1,3.948560829
A5C5B7,CCCCCCCC\C=C/CCCCCCCCNC(=O)C(CCCCCOC(=O)CCCCCCCCC#C)NCCN(CCN)CCN,7.862508597
A5C4B7,CCCCCCCCCCCCCCCCCCNC(=O)C(CCCCCOC(=O)CCCCCCCCC#C)NCCN(CCN)CCN,4.736207594
A5C1B7,CCCCCCCCCCCCNC(=O)C(CCCCCOC(=O)CCCCCCCCC#C)NCCN(CCN)CCN,5.248507025
A5C2B7,CCCCCCCCCCCCCCNC(=O)C(CCCCCOC(=O)CCCCCCCCC#C)NCCN(CCN)CCN,7.994890235
A5C3B7,CCCCCCCCCCCCCCCCNC(=O)C(CCCCCOC(=O)CCCCCCCCC#C)NCCN(CCN)CCN,5.254778386
A10C5B7,CCCCCCCC\C=C/CCCCCCCCNC(=O)C(CCCCCOC(=O)CCCCCCCCC#C)NCCN1CCCC1,8.432889831
A10C4B7,CCCCCCCCCCCCCCCCCCNC(=O)C(CCCCCOC(=O)CCCCCCCCC#C)NCCN1CCCC1,6.951351953
A10C1B7,CCCCCCCCCCCCNC(=O)C(CCCCCOC(=O)CCCCCCCCC#C)NCCN1CCCC1,6.719436255
A10C2B7,CCCCCCCCCCCCCCNC(=O)C(CCCCCOC(=O)CCCCCCCCC#C)NCCN1CCCC1,7.756717195
A10C3B7,CCCCCCCCCCCCCCCCNC(=O)C(CCCCCOC(=O)CCCCCCCCC#C)NCCN1CCCC1,7.050280736
A15C5B7,CCCCCCCC\C=C/CCCCCCCCNC(=O)C(CCCCCOC(=O)CCCCCCCCC#C)NCCN1CCCCC1,7.135709286
A15C4B7,CCCCCCCCCCCCCCCCCCNC(=O)C(CCCCCOC(=O)CCCCCCCCC#C)NCCN1CCCCC1,5.337380757
A15C1B7,CCCCCCCCCCCCNC(=O)C(CCCCCOC(=O)CCCCCCCCC#C)NCCN1CCCCC1,6.171891945
A15C2B7,CCCCCCCCCCCCCCNC(=O)C(CCCCCOC(=O)CCCCCCCCC#C)NCCN1CCCCC1,6.282817031
A15C3B7,CCCCCCCCCCCCCCCCNC(=O)C(CCCCCOC(=O)CCCCCCCCC#C)NCCN1CCCCC1,5.248686144
A16C5B7,CCCCCCCC\C=C/CCCCCCCCNC(=O)C(CCCCCOC(=O)CCCCCCCCC#C)NCCN(C(C)C)C(C)C,7.3819034
A16C4B7,CCCCCCCCCCCCCCCCCCNC(=O)C(CCCCCOC(=O)CCCCCCCCC#C)NCCN(C(C)C)C(C)C,5.452928073
A16C1B7,CCCCCCCCCCCCNC(=O)C(CCCCCOC(=O)CCCCCCCCC#C)NCCN(C(C)C)C(C)C,7.838306267
A16C2B7,CCCCCCCCCCCCCCNC(=O)C(CCCCCOC(=O)CCCCCCCCC#C)NCCN(C(C)C)C(C)C,7.8603823
A16C3B7,CCCCCCCCCCCCCCCCNC(=O)C(CCCCCOC(=O)CCCCCCCCC#C)NCCN(C(C)C)C(C)C,5.088329397
A17C5B6,CCCCCCCCCCC(=O)OCCCCCC(NCCCN(C)CCCN)C(=O)NCCCCCCCC\C=C/CCCCCCCC,1.16946911
A17C4B6,CCCCCCCCCCCCCCCCCCNC(=O)C(CCCCCOC(=O)CCCCCCCCCC)NCCCN(C)CCCN,-0.5840404
A17C1B6,CCCCCCCCCCCCNC(=O)C(CCCCCOC(=O)CCCCCCCCCC)NCCCN(C)CCCN,0.39626865
A17C2B6,CCCCCCCCCCCCCCNC(=O)C(CCCCCOC(=O)CCCCCCCCCC)NCCCN(C)CCCN,0.38240666
A17C3B6,CCCCCCCCCCCCCCCCNC(=O)C(CCCCCOC(=O)CCCCCCCCCC)NCCCN(C)CCCN,1.28757659
A18C5B6,CCCCCCCCCCC(=O)OCCCCCC(NCC1CCCN1CC)C(=O)NCCCCCCCC\C=C/CCCCCCCC,1.60790763
A18C4B6,CCCCCCCCCCCCCCCCCCNC(=O)C(CCCCCOC(=O)CCCCCCCCCC)NCC1CCCN1CC,1.54769007
A18C1B6,CCCCCCCCCCCCNC(=O)C(CCCCCOC(=O)CCCCCCCCCC)NCC1CCCN1CC,1.00677993
A18C2B6,CCCCCCCCCCCCCCNC(=O)C(CCCCCOC(=O)CCCCCCCCCC)NCC1CCCN1CC,0.67501374
A18C3B6,CCCCCCCCCCCCCCCCNC(=O)C(CCCCCOC(=O)CCCCCCCCCC)NCC1CCCN1CC,1.71193611
A19C5B6,CCCCCCCCCCC(=O)OCCCCCC(NCCN1CCNCC1)C(=O)NCCCCCCCC\C=C/CCCCCCCC,2.23176823
A19C4B6,CCCCCCCCCCCCCCCCCCNC(=O)C(CCCCCOC(=O)CCCCCCCCCC)NCCN1CCNCC1,0.58987381
A19C1B6,CCCCCCCCCCCCNC(=O)C(CCCCCOC(=O)CCCCCCCCCC)NCCN1CCNCC1,0.47257576
A19C2B6,CCCCCCCCCCCCCCNC(=O)C(CCCCCOC(=O)CCCCCCCCCC)NCCN1CCNCC1,1.70455384
A19C3B6,CCCCCCCCCCCCCCCCNC(=O)C(CCCCCOC(=O)CCCCCCCCCC)NCCN1CCNCC1,1.12565899
A20C5B6,CCCCCCCCCCC(=O)OCCCCCC(NC1CCNCC1)C(=O)NCCCCCCCC\C=C/CCCCCCCC,1.25037666
A20C4B6,CCCCCCCCCCCCCCCCCCNC(=O)C(CCCCCOC(=O)CCCCCCCCCC)NC1CCNCC1,1.06962775
A20C1B6,CCCCCCCCCCCCNC(=O)C(CCCCCOC(=O)CCCCCCCCCC)NC1CCNCC1,1.59613642
A20C2B6,CCCCCCCCCCCCCCNC(=O)C(CCCCCOC(=O)CCCCCCCCCC)NC1CCNCC1,-0.2005423
A20C3B6,CCCCCCCCCCCCCCCCNC(=O)C(CCCCCOC(=O)CCCCCCCCCC)NC1CCNCC1,-0.3229278
A1C5B6,CCCCCCCCCCC(=O)OCCCCCC(NCCN(C)C)C(=O)NCCCCCCCC\C=C/CCCCCCCC,7.71228255
A1C4B6,CCCCCCCCCCCCCCCCCCNC(=O)C(CCCCCOC(=O)CCCCCCCCCC)NCCN(C)C,7.21094922
A1C1B6,CCCCCCCCCCCCNC(=O)C(CCCCCOC(=O)CCCCCCCCCC)NCCN(C)C,4.2313128
A1C2B6,CCCCCCCCCCCCCCNC(=O)C(CCCCCOC(=O)CCCCCCCCCC)NCCN(C)C,4.8595674
A1C3B6,CCCCCCCCCCCCCCCCNC(=O)C(CCCCCOC(=O)CCCCCCCCCC)NCCN(C)C,-0.820233
A6C5B6,CCCCCCCCCCC(=O)OCCCCCC(NCCCN(C)C)C(=O)NCCCCCCCC\C=C/CCCCCCCC,9.33551845
A6C4B6,CCCCCCCCCCCCCCCCCCNC(=O)C(CCCCCOC(=O)CCCCCCCCCC)NCCCN(C)C,6.07722644
A6C1B6,CCCCCCCCCCCCNC(=O)C(CCCCCOC(=O)CCCCCCCCCC)NCCCN(C)C,4.68788984
A6C2B6,CCCCCCCCCCCCCCNC(=O)C(CCCCCOC(=O)CCCCCCCCCC)NCCCN(C)C,7.45671056
A6C3B6,CCCCCCCCCCCCCCCCNC(=O)C(CCCCCOC(=O)CCCCCCCCCC)NCCCN(C)C,5.06861452
A3C5B6,CCCCCCCCCCC(=O)OCCCCCC(NCCCN(CC)CC)C(=O)NCCCCCCCC\C=C/CCCCCCCC,8.48980851
A3C4B6,CCCCCCCCCCCCCCCCCCNC(=O)C(CCCCCOC(=O)CCCCCCCCCC)NCCCN(CC)CC,7.01606886
A3C1B6,CCCCCCCCCCCCNC(=O)C(CCCCCOC(=O)CCCCCCCCCC)NCCCN(CC)CC,3.84078993
A3C2B6,CCCCCCCCCCCCCCNC(=O)C(CCCCCOC(=O)CCCCCCCCCC)NCCCN(CC)CC,5.73054266
A3C3B6,CCCCCCCCCCCCCCCCNC(=O)C(CCCCCOC(=O)CCCCCCCCCC)NCCCN(CC)CC,2.91256113
A8C5B6,CCCCCCCCCCC(=O)OCCCCCC(NCCCN(CCCC)CCCC)C(=O)NCCCCCCCC\C=C/CCCCCCCC,11.7363444
A8C4B6,CCCCCCCCCCCCCCCCCCNC(=O)C(CCCCCOC(=O)CCCCCCCCCC)NCCCN(CCCC)CCCC,5.32441044
A8C1B6,CCCCCCCCCCCCNC(=O)C(CCCCCOC(=O)CCCCCCCCCC)NCCCN(CCCC)CCCC,4.13368148
A8C2B6,CCCCCCCCCCCCCCNC(=O)C(CCCCCOC(=O)CCCCCCCCCC)NCCCN(CCCC)CCCC,9.72433033
A8C3B6,CCCCCCCCCCCCCCCCNC(=O)C(CCCCCOC(=O)CCCCCCCCCC)NCCCN(CCCC)CCCC,7.40260633
A2C5B6,CCCCCCCCCCC(=O)OCCCCCC(NCCCN1CCCC1)C(=O)NCCCCCCCC\C=C/CCCCCCCC,8.12733457
A2C4B6,CCCCCCCCCCCCCCCCCCNC(=O)C(CCCCCOC(=O)CCCCCCCCCC)NCCCN1CCCC1,8.03257383
A2C1B6,CCCCCCCCCCCCNC(=O)C(CCCCCOC(=O)CCCCCCCCCC)NCCCN1CCCC1,4.81871633
A2C2B6,CCCCCCCCCCCCCCNC(=O)C(CCCCCOC(=O)CCCCCCCCCC)NCCCN1CCCC1,6.5307918
A2C3B6,CCCCCCCCCCCCCCCCNC(=O)C(CCCCCOC(=O)CCCCCCCCCC)NCCCN1CCCC1,3.64860322
A7C5B6,CCCCCCCCCCC(=O)OCCCCCC(NCCCN1CCOCC1)C(=O)NCCCCCCCC\C=C/CCCCCCCC,8.55328971
A7C4B6,CCCCCCCCCCCCCCCCCCNC(=O)C(CCCCCOC(=O)CCCCCCCCCC)NCCCN1CCOCC1,7.05725056
A7C1B6,CCCCCCCCCCCCNC(=O)C(CCCCCOC(=O)CCCCCCCCCC)NCCCN1CCOCC1,5.52858086
A7C2B6,CCCCCCCCCCCCCCNC(=O)C(CCCCCOC(=O)CCCCCCCCCC)NCCCN1CCOCC1,7.24190162
A7C3B6,CCCCCCCCCCCCCCCCNC(=O)C(CCCCCOC(=O)CCCCCCCCCC)NCCCN1CCOCC1,4.84586434
A4C5B6,CCCCCCCCCCC(=O)OCCCCCC(NCCN(CC)CC)C(=O)NCCCCCCCC\C=C/CCCCCCCC,5.04142962
A4C4B6,CCCCCCCCCCCCCCCCCCNC(=O)C(CCCCCOC(=O)CCCCCCCCCC)NCCN(CC)CC,7.83363118
A4C1B6,CCCCCCCCCCCCNC(=O)C(CCCCCOC(=O)CCCCCCCCCC)NCCN(CC)CC,3.90652345
A4C2B6,CCCCCCCCCCCCCCNC(=O)C(CCCCCOC(=O)CCCCCCCCCC)NCCN(CC)CC,5.65451067
A4C3B6,CCCCCCCCCCCCCCCCNC(=O)C(CCCCCOC(=O)CCCCCCCCCC)NCCN(CC)CC,1.61446569
A11C5B6,CCCCCCCCCCC(=O)OCCCCCC(NN1CCOCC1)C(=O)NCCCCCCCC\C=C/CCCCCCCC,8.21997517
A11C4B6,CCCCCCCCCCCCCCCCCCNC(=O)C(CCCCCOC(=O)CCCCCCCCCC)NN1CCOCC1,6.69908783
A11C1B6,CCCCCCCCCCCCNC(=O)C(CCCCCOC(=O)CCCCCCCCCC)NN1CCOCC1,8.89215404
A11C2B6,CCCCCCCCCCCCCCNC(=O)C(CCCCCOC(=O)CCCCCCCCCC)NN1CCOCC1,8.11341223
A11C3B6,CCCCCCCCCCCCCCCCNC(=O)C(CCCCCOC(=O)CCCCCCCCCC)NN1CCOCC1,6.7891369
A12C5B6,CCCCCCCCCCC(=O)OCCCCCC(NC1CCN(C)CC1)C(=O)NCCCCCCCC\C=C/CCCCCCCC,8.02997735
A12C4B6,CCCCCCCCCCCCCCCCCCNC(=O)C(CCCCCOC(=O)CCCCCCCCCC)NC1CCN(C)CC1,5.58384491
A12C1B6,CCCCCCCCCCCCNC(=O)C(CCCCCOC(=O)CCCCCCCCCC)NC1CCN(C)CC1,7.16355676
A12C2B6,CCCCCCCCCCCCCCNC(=O)C(CCCCCOC(=O)CCCCCCCCCC)NC1CCN(C)CC1,5.58950877
A12C3B6,CCCCCCCCCCCCCCCCNC(=O)C(CCCCCOC(=O)CCCCCCCCCC)NC1CCN(C)CC1,5.6796387
A14C5B6,CCCCCCCCCCC(=O)OCCCCCC(NC1=CNN=C1)C(=O)NCCCCCCCC\C=C/CCCCCCCC,7.97799537
A14C4B6,CCCCCCCCCCCCCCCCCCNC(=O)C(CCCCCOC(=O)CCCCCCCCCC)NC1=CNN=C1,7.1048907
A14C1B6,CCCCCCCCCCCCNC(=O)C(CCCCCOC(=O)CCCCCCCCCC)NC1=CNN=C1,8.20418367
A14C2B6,CCCCCCCCCCCCCCNC(=O)C(CCCCCOC(=O)CCCCCCCCCC)NC1=CNN=C1,7.50499786
A14C3B6,CCCCCCCCCCCCCCCCNC(=O)C(CCCCCOC(=O)CCCCCCCCCC)NC1=CNN=C1,7.14331875
A9C5B6,CCCCCCCCCCC(=O)OCCCCCC(NC1=CC(C)=NN1C)C(=O)NCCCCCCCC\C=C/CCCCCCCC,6.73583805
A9C4B6,CCCCCCCCCCCCCCCCCCNC(=O)C(CCCCCOC(=O)CCCCCCCCCC)NC1=CC(C)=NN1C,6.60964499
A9C1B6,CCCCCCCCCCCCNC(=O)C(CCCCCOC(=O)CCCCCCCCCC)NC1=CC(C)=NN1C,7.44509862
A9C2B6,CCCCCCCCCCCCCCNC(=O)C(CCCCCOC(=O)CCCCCCCCCC)NC1=CC(C)=NN1C,7.48511842
A9C3B6,CCCCCCCCCCCCCCCCNC(=O)C(CCCCCOC(=O)CCCCCCCCCC)NC1=CC(C)=NN1C,6.49680027
A13C5B6,CCCCCCCCCCC(=O)OCCCCCC(NN1CCCCC1)C(=O)NCCCCCCCC\C=C/CCCCCCCC,8.27534855
A13C4B6,CCCCCCCCCCCCCCCCCCNC(=O)C(CCCCCOC(=O)CCCCCCCCCC)NN1CCCCC1,7.38994297
A13C1B6,CCCCCCCCCCCCNC(=O)C(CCCCCOC(=O)CCCCCCCCCC)NN1CCCCC1,6.7936871
A13C2B6,CCCCCCCCCCCCCCNC(=O)C(CCCCCOC(=O)CCCCCCCCCC)NN1CCCCC1,8.11739465
A13C3B6,CCCCCCCCCCCCCCCCNC(=O)C(CCCCCOC(=O)CCCCCCCCCC)NN1CCCCC1,7.51528214
A5C5B6,CCCCCCCCCCC(=O)OCCCCCC(NCCN(CCN)CCN)C(=O)NCCCCCCCC\C=C/CCCCCCCC,9.26336059
A5C4B6,CCCCCCCCCCCCCCCCCCNC(=O)C(CCCCCOC(=O)CCCCCCCCCC)NCCN(CCN)CCN,6.93152965
A5C1B6,CCCCCCCCCCCCNC(=O)C(CCCCCOC(=O)CCCCCCCCCC)NCCN(CCN)CCN,6.40556373
A5C2B6,CCCCCCCCCCCCCCNC(=O)C(CCCCCOC(=O)CCCCCCCCCC)NCCN(CCN)CCN,5.58887056
A5C3B6,CCCCCCCCCCCCCCCCNC(=O)C(CCCCCOC(=O)CCCCCCCCCC)NCCN(CCN)CCN,4.47032253
A10C5B6,CCCCCCCCCCC(=O)OCCCCCC(NCCN1CCCC1)C(=O)NCCCCCCCC\C=C/CCCCCCCC,10.4795698
A10C4B6,CCCCCCCCCCCCCCCCCCNC(=O)C(CCCCCOC(=O)CCCCCCCCCC)NCCN1CCCC1,8.87542661
A10C1B6,CCCCCCCCCCCCNC(=O)C(CCCCCOC(=O)CCCCCCCCCC)NCCN1CCCC1,8.23486796
A10C2B6,CCCCCCCCCCCCCCNC(=O)C(CCCCCOC(=O)CCCCCCCCCC)NCCN1CCCC1,7.75611066
A10C3B6,CCCCCCCCCCCCCCCCNC(=O)C(CCCCCOC(=O)CCCCCCCCCC)NCCN1CCCC1,8.78489437
A15C5B6,CCCCCCCCCCC(=O)OCCCCCC(NCCN1CCCCC1)C(=O)NCCCCCCCC\C=C/CCCCCCCC,8.74679421
A15C4B6,CCCCCCCCCCCCCCCCCCNC(=O)C(CCCCCOC(=O)CCCCCCCCCC)NCCN1CCCCC1,7.67463228
A15C1B6,CCCCCCCCCCCCNC(=O)C(CCCCCOC(=O)CCCCCCCCCC)NCCN1CCCCC1,7.64569236
A15C2B6,CCCCCCCCCCCCCCNC(=O)C(CCCCCOC(=O)CCCCCCCCCC)NCCN1CCCCC1,8.58965808
A15C3B6,CCCCCCCCCCCCCCCCNC(=O)C(CCCCCOC(=O)CCCCCCCCCC)NCCN1CCCCC1,7.52217172
A16C5B6,CCCCCCCCCCC(=O)OCCCCCC(NCCN(C(C)C)C(C)C)C(=O)NCCCCCCCC\C=C/CCCCCCCC,7.88213353
A16C4B6,CCCCCCCCCCCCCCCCCCNC(=O)C(CCCCCOC(=O)CCCCCCCCCC)NCCN(C(C)C)C(C)C,5.81135206
A16C1B6,CCCCCCCCCCCCNC(=O)C(CCCCCOC(=O)CCCCCCCCCC)NCCN(C(C)C)C(C)C,7.33073313
A16C2B6,CCCCCCCCCCCCCCNC(=O)C(CCCCCOC(=O)CCCCCCCCCC)NCCN(C(C)C)C(C)C,7.88185152
A16C3B6,CCCCCCCCCCCCCCCCNC(=O)C(CCCCCOC(=O)CCCCCCCCCC)NCCN(C(C)C)C(C)C,5.43719806
A17C5B2,CCCCCCCC\C=C/CCCCCCCCNC(=O)C(CCCCCOC(=O)CCC(C)CCCCC)NCCCN(C)CCCN,3.652112324
A17C4B2,CCCCCCCCCCCCCCCCCCNC(=O)C(CCCCCOC(=O)CCC(C)CCCCC)NCCCN(C)CCCN,1.823777155
A17C1B2,CCCCCCCCCCCCNC(=O)C(CCCCCOC(=O)CCC(C)CCCCC)NCCCN(C)CCCN,4.225767933
A17C2B2,CCCCCCCCCCCCCCNC(=O)C(CCCCCOC(=O)CCC(C)CCCCC)NCCCN(C)CCCN,0.846841388
A17C3B2,CCCCCCCCCCCCCCCCNC(=O)C(CCCCCOC(=O)CCC(C)CCCCC)NCCCN(C)CCCN,3.748496007
A18C5B2,CCCCCCCC\C=C/CCCCCCCCNC(=O)C(CCCCCOC(=O)CCC(C)CCCCC)NCC1CCCN1CC,1.545973383
A18C4B2,CCCCCCCCCCCCCCCCCCNC(=O)C(CCCCCOC(=O)CCC(C)CCCCC)NCC1CCCN1CC,3.541788176
A18C1B2,CCCCCCCCCCCCNC(=O)C(CCCCCOC(=O)CCC(C)CCCCC)NCC1CCCN1CC,4.120694322
A18C2B2,CCCCCCCCCCCCCCNC(=O)C(CCCCCOC(=O)CCC(C)CCCCC)NCC1CCCN1CC,2.38648915
A18C3B2,CCCCCCCCCCCCCCCCNC(=O)C(CCCCCOC(=O)CCC(C)CCCCC)NCC1CCCN1CC,0.474447662
A19C5B2,CCCCCCCC\C=C/CCCCCCCCNC(=O)C(CCCCCOC(=O)CCC(C)CCCCC)NCCN1CCNCC1,5.056610971
A19C4B2,CCCCCCCCCCCCCCCCCCNC(=O)C(CCCCCOC(=O)CCC(C)CCCCC)NCCN1CCNCC1,4.545874648
A19C1B2,CCCCCCCCCCCCNC(=O)C(CCCCCOC(=O)CCC(C)CCCCC)NCCN1CCNCC1,4.490267589
A19C2B2,CCCCCCCCCCCCCCNC(=O)C(CCCCCOC(=O)CCC(C)CCCCC)NCCN1CCNCC1,5.400947357
A19C3B2,CCCCCCCCCCCCCCCCNC(=O)C(CCCCCOC(=O)CCC(C)CCCCC)NCCN1CCNCC1,4.808726947
A20C5B2,CCCCCCCC\C=C/CCCCCCCCNC(=O)C(CCCCCOC(=O)CCC(C)CCCCC)NC1CCNCC1,1.666973469
A20C4B2,CCCCCCCCCCCCCCCCCCNC(=O)C(CCCCCOC(=O)CCC(C)CCCCC)NC1CCNCC1,0.79995647
A20C1B2,CCCCCCCCCCCCNC(=O)C(CCCCCOC(=O)CCC(C)CCCCC)NC1CCNCC1,2.365653619
A20C2B2,CCCCCCCCCCCCCCNC(=O)C(CCCCCOC(=O)CCC(C)CCCCC)NC1CCNCC1,0.081208752
A20C3B2,CCCCCCCCCCCCCCCCNC(=O)C(CCCCCOC(=O)CCC(C)CCCCC)NC1CCNCC1,2.308086816
A1C5B2,CCCCCCCC\C=C/CCCCCCCCNC(=O)C(CCCCCOC(=O)CCC(C)CCCCC)NCCN(C)C,8.605765475
A1C4B2,CCCCCCCCCCCCCCCCCCNC(=O)C(CCCCCOC(=O)CCC(C)CCCCC)NCCN(C)C,8.217415484
A1C1B2,CCCCCCCCCCCCNC(=O)C(CCCCCOC(=O)CCC(C)CCCCC)NCCN(C)C,3.381790597
A1C2B2,CCCCCCCCCCCCCCNC(=O)C(CCCCCOC(=O)CCC(C)CCCCC)NCCN(C)C,3.276645587
A1C3B2,CCCCCCCCCCCCCCCCNC(=O)C(CCCCCOC(=O)CCC(C)CCCCC)NCCN(C)C,3.525779795
A6C5B2,CCCCCCCC\C=C/CCCCCCCCNC(=O)C(CCCCCOC(=O)CCC(C)CCCCC)NCCCN(C)C,13.0268406
A6C4B2,CCCCCCCCCCCCCCCCCCNC(=O)C(CCCCCOC(=O)CCC(C)CCCCC)NCCCN(C)C,10.05145434
A6C1B2,CCCCCCCCCCCCNC(=O)C(CCCCCOC(=O)CCC(C)CCCCC)NCCCN(C)C,4.871775944
A6C2B2,CCCCCCCCCCCCCCNC(=O)C(CCCCCOC(=O)CCC(C)CCCCC)NCCCN(C)C,4.742707281
A6C3B2,CCCCCCCCCCCCCCCCNC(=O)C(CCCCCOC(=O)CCC(C)CCCCC)NCCCN(C)C,6.103143335
A3C5B2,CCCCCCCC\C=C/CCCCCCCCNC(=O)C(CCCCCOC(=O)CCC(C)CCCCC)NCCCN(CC)CC,12.24070092
A3C4B2,CCCCCCCCCCCCCCCCCCNC(=O)C(CCCCCOC(=O)CCC(C)CCCCC)NCCCN(CC)CC,9.801557337
A3C1B2,CCCCCCCCCCCCNC(=O)C(CCCCCOC(=O)CCC(C)CCCCC)NCCCN(CC)CC,6.39212075
A3C2B2,CCCCCCCCCCCCCCNC(=O)C(CCCCCOC(=O)CCC(C)CCCCC)NCCCN(CC)CC,8.887707732
A3C3B2,CCCCCCCCCCCCCCCCNC(=O)C(CCCCCOC(=O)CCC(C)CCCCC)NCCCN(CC)CC,5.983065967
A8C5B2,CCCCCCCC\C=C/CCCCCCCCNC(=O)C(CCCCCOC(=O)CCC(C)CCCCC)NCCCN(CCCC)CCCC,14.50547437
A8C4B2,CCCCCCCCCCCCCCCCCCNC(=O)C(CCCCCOC(=O)CCC(C)CCCCC)NCCCN(CCCC)CCCC,13.58467978
A8C1B2,CCCCCCCCCCCCNC(=O)C(CCCCCOC(=O)CCC(C)CCCCC)NCCCN(CCCC)CCCC,7.57066686
A8C2B2,CCCCCCCCCCCCCCNC(=O)C(CCCCCOC(=O)CCC(C)CCCCC)NCCCN(CCCC)CCCC,6.62736135
A8C3B2,CCCCCCCCCCCCCCCCNC(=O)C(CCCCCOC(=O)CCC(C)CCCCC)NCCCN(CCCC)CCCC,8.805740633
A2C5B2,CCCCCCCC\C=C/CCCCCCCCNC(=O)C(CCCCCOC(=O)CCC(C)CCCCC)NCCCN1CCCC1,12.82501523
A2C4B2,CCCCCCCCCCCCCCCCCCNC(=O)C(CCCCCOC(=O)CCC(C)CCCCC)NCCCN1CCCC1,9.951985231
A2C1B2,CCCCCCCCCCCCNC(=O)C(CCCCCOC(=O)CCC(C)CCCCC)NCCCN1CCCC1,6.684199876
A2C2B2,CCCCCCCCCCCCCCNC(=O)C(CCCCCOC(=O)CCC(C)CCCCC)NCCCN1CCCC1,0.58924582
A2C3B2,CCCCCCCCCCCCCCCCNC(=O)C(CCCCCOC(=O)CCC(C)CCCCC)NCCCN1CCCC1,6.871865151
A7C5B2,CCCCCCCC\C=C/CCCCCCCCNC(=O)C(CCCCCOC(=O)CCC(C)CCCCC)NCCCN1CCOCC1,7.97648074
A7C4B2,CCCCCCCCCCCCCCCCCCNC(=O)C(CCCCCOC(=O)CCC(C)CCCCC)NCCCN1CCOCC1,5.00435191
A7C1B2,CCCCCCCCCCCCNC(=O)C(CCCCCOC(=O)CCC(C)CCCCC)NCCCN1CCOCC1,3.642534031
A7C2B2,CCCCCCCCCCCCCCNC(=O)C(CCCCCOC(=O)CCC(C)CCCCC)NCCCN1CCOCC1,1.207368693
A7C3B2,CCCCCCCCCCCCCCCCNC(=O)C(CCCCCOC(=O)CCC(C)CCCCC)NCCCN1CCOCC1,3.203167852
A4C5B2,CCCCCCCC\C=C/CCCCCCCCNC(=O)C(CCCCCOC(=O)CCC(C)CCCCC)NCCN(CC)CC,11.14260528
A4C4B2,CCCCCCCCCCCCCCCCCCNC(=O)C(CCCCCOC(=O)CCC(C)CCCCC)NCCN(CC)CC,10.63791125
A4C1B2,CCCCCCCCCCCCNC(=O)C(CCCCCOC(=O)CCC(C)CCCCC)NCCN(CC)CC,6.620765472
A4C2B2,CCCCCCCCCCCCCCNC(=O)C(CCCCCOC(=O)CCC(C)CCCCC)NCCN(CC)CC,7.597719611
A4C3B2,CCCCCCCCCCCCCCCCNC(=O)C(CCCCCOC(=O)CCC(C)CCCCC)NCCN(CC)CC,4.815705311
A11C5B2,CCCCCCCC\C=C/CCCCCCCCNC(=O)C(CCCCCOC(=O)CCC(C)CCCCC)NN1CCOCC1,5.247927513
A11C4B2,CCCCCCCCCCCCCCCCCCNC(=O)C(CCCCCOC(=O)CCC(C)CCCCC)NN1CCOCC1,5.266258135
A11C1B2,CCCCCCCCCCCCNC(=O)C(CCCCCOC(=O)CCC(C)CCCCC)NN1CCOCC1,6.377161872
A11C2B2,CCCCCCCCCCCCCCNC(=O)C(CCCCCOC(=O)CCC(C)CCCCC)NN1CCOCC1,3.144197183
A11C3B2,CCCCCCCCCCCCCCCCNC(=O)C(CCCCCOC(=O)CCC(C)CCCCC)NN1CCOCC1,5.376430949
A12C5B2,CCCCCCCC\C=C/CCCCCCCCNC(=O)C(CCCCCOC(=O)CCC(C)CCCCC)NC1CCN(C)CC1,3.321928095
A12C4B2,CCCCCCCCCCCCCCCCCCNC(=O)C(CCCCCOC(=O)CCC(C)CCCCC)NC1CCN(C)CC1,4.184578311
A12C1B2,CCCCCCCCCCCCNC(=O)C(CCCCCOC(=O)CCC(C)CCCCC)NC1CCN(C)CC1,7.468089258
A12C2B2,CCCCCCCCCCCCCCNC(=O)C(CCCCCOC(=O)CCC(C)CCCCC)NC1CCN(C)CC1,2.339735503
A12C3B2,CCCCCCCCCCCCCCCCNC(=O)C(CCCCCOC(=O)CCC(C)CCCCC)NC1CCN(C)CC1,4.433468579
A14C5B2,CCCCCCCC\C=C/CCCCCCCCNC(=O)C(CCCCCOC(=O)CCC(C)CCCCC)NC1=CNN=C1,6.759888183
A14C4B2,CCCCCCCCCCCCCCCCCCNC(=O)C(CCCCCOC(=O)CCC(C)CCCCC)NC1=CNN=C1,5.722136794
A14C1B2,CCCCCCCCCCCCNC(=O)C(CCCCCOC(=O)CCC(C)CCCCC)NC1=CNN=C1,3.925403948
A14C2B2,CCCCCCCCCCCCCCNC(=O)C(CCCCCOC(=O)CCC(C)CCCCC)NC1=CNN=C1,3.972969534
A14C3B2,CCCCCCCCCCCCCCCCNC(=O)C(CCCCCOC(=O)CCC(C)CCCCC)NC1=CNN=C1,5.880238439
A9C5B2,CCCCCCCC\C=C/CCCCCCCCNC(=O)C(CCCCCOC(=O)CCC(C)CCCCC)NC1=CC(C)=NN1C,5.980139578
A9C4B2,CCCCCCCCCCCCCCCCCCNC(=O)C(CCCCCOC(=O)CCC(C)CCCCC)NC1=CC(C)=NN1C,6.323159435
A9C1B2,CCCCCCCCCCCCNC(=O)C(CCCCCOC(=O)CCC(C)CCCCC)NC1=CC(C)=NN1C,5.17174216
A9C2B2,CCCCCCCCCCCCCCNC(=O)C(CCCCCOC(=O)CCC(C)CCCCC)NC1=CC(C)=NN1C,3.644125089
A9C3B2,CCCCCCCCCCCCCCCCNC(=O)C(CCCCCOC(=O)CCC(C)CCCCC)NC1=CC(C)=NN1C,6.25639722
A13C5B2,CCCCCCCC\C=C/CCCCCCCCNC(=O)C(CCCCCOC(=O)CCC(C)CCCCC)NN1CCCCC1,4.279223644
A13C4B2,CCCCCCCCCCCCCCCCCCNC(=O)C(CCCCCOC(=O)CCC(C)CCCCC)NN1CCCCC1,4.788149826
A13C1B2,CCCCCCCCCCCCNC(=O)C(CCCCCOC(=O)CCC(C)CCCCC)NN1CCCCC1,1.82143868
A13C2B2,CCCCCCCCCCCCCCNC(=O)C(CCCCCOC(=O)CCC(C)CCCCC)NN1CCCCC1,2.858216378
A13C3B2,CCCCCCCCCCCCCCCCNC(=O)C(CCCCCOC(=O)CCC(C)CCCCC)NN1CCCCC1,4.837513525
A5C5B2,CCCCCCCC\C=C/CCCCCCCCNC(=O)C(CCCCCOC(=O)CCC(C)CCCCC)NCCN(CCN)CCN,6.479327732
A5C4B2,CCCCCCCCCCCCCCCCCCNC(=O)C(CCCCCOC(=O)CCC(C)CCCCC)NCCN(CCN)CCN,2.329861014
A5C1B2,CCCCCCCCCCCCNC(=O)C(CCCCCOC(=O)CCC(C)CCCCC)NCCN(CCN)CCN,2.278325313
A5C2B2,CCCCCCCCCCCCCCNC(=O)C(CCCCCOC(=O)CCC(C)CCCCC)NCCN(CCN)CCN,0.720188267
A5C3B2,CCCCCCCCCCCCCCCCNC(=O)C(CCCCCOC(=O)CCC(C)CCCCC)NCCN(CCN)CCN,2.605524568
A10C5B2,CCCCCCCC\C=C/CCCCCCCCNC(=O)C(CCCCCOC(=O)CCC(C)CCCCC)NCCN1CCCC1,15.08253197
A10C4B2,CCCCCCCCCCCCCCCCCCNC(=O)C(CCCCCOC(=O)CCC(C)CCCCC)NCCN1CCCC1,13.85259037
A10C1B2,CCCCCCCCCCCCNC(=O)C(CCCCCOC(=O)CCC(C)CCCCC)NCCN1CCCC1,9.54572096
A10C2B2,CCCCCCCCCCCCCCNC(=O)C(CCCCCOC(=O)CCC(C)CCCCC)NCCN1CCCC1,12.85231723
A10C3B2,CCCCCCCCCCCCCCCCNC(=O)C(CCCCCOC(=O)CCC(C)CCCCC)NCCN1CCCC1,13.91617393
A15C5B2,CCCCCCCC\C=C/CCCCCCCCNC(=O)C(CCCCCOC(=O)CCC(C)CCCCC)NCCN1CCCCC1,12.96872678
A15C4B2,CCCCCCCCCCCCCCCCCCNC(=O)C(CCCCCOC(=O)CCC(C)CCCCC)NCCN1CCCCC1,12.04549067
A15C1B2,CCCCCCCCCCCCNC(=O)C(CCCCCOC(=O)CCC(C)CCCCC)NCCN1CCCCC1,8.267735753
A15C2B2,CCCCCCCCCCCCCCNC(=O)C(CCCCCOC(=O)CCC(C)CCCCC)NCCN1CCCCC1,12.7632924
A15C3B2,CCCCCCCCCCCCCCCCNC(=O)C(CCCCCOC(=O)CCC(C)CCCCC)NCCN1CCCCC1,12.13741041
A16C5B2,CCCCCCCC\C=C/CCCCCCCCNC(=O)C(CCCCCOC(=O)CCC(C)CCCCC)NCCN(C(C)C)C(C)C,9.239200709
A16C4B2,CCCCCCCCCCCCCCCCCCNC(=O)C(CCCCCOC(=O)CCC(C)CCCCC)NCCN(C(C)C)C(C)C,7.833800451
A16C1B2,CCCCCCCCCCCCNC(=O)C(CCCCCOC(=O)CCC(C)CCCCC)NCCN(C(C)C)C(C)C,6.979373799
A16C2B2,CCCCCCCCCCCCCCNC(=O)C(CCCCCOC(=O)CCC(C)CCCCC)NCCN(C(C)C)C(C)C,10.60508904
A16C3B2,CCCCCCCCCCCCCCCCNC(=O)C(CCCCCOC(=O)CCC(C)CCCCC)NCCN(C(C)C)C(C)C,8.009390648
A17C5B1,CCCCCCCC\C=C/CCCCCCCCNC(=O)C(CCCCCOC(=O)CCCCCCCC)NCCCN(C)CCCN,3.02148366
A17C4B1,CCCCCCCCCCCCCCCCCCNC(=O)C(CCCCCOC(=O)CCCCCCCC)NCCCN(C)CCCN,0.8808283
A17C1B1,CCCCCCCCCCCCNC(=O)C(CCCCCOC(=O)CCCCCCCC)NCCCN(C)CCCN,2.40428156
A17C2B1,CCCCCCCCCCCCCCNC(=O)C(CCCCCOC(=O)CCCCCCCC)NCCCN(C)CCCN,2.72104784
A17C3B1,CCCCCCCCCCCCCCCCNC(=O)C(CCCCCOC(=O)CCCCCCCC)NCCCN(C)CCCN,2.4296074
A18C5B1,CCCCCCCC\C=C/CCCCCCCCNC(=O)C(CCCCCOC(=O)CCCCCCCC)NCC1CCCN1CC,1.84608345
A18C4B1,CCCCCCCCCCCCCCCCCCNC(=O)C(CCCCCOC(=O)CCCCCCCC)NCC1CCCN1CC,1.98857815
A18C1B1,CCCCCCCCCCCCNC(=O)C(CCCCCOC(=O)CCCCCCCC)NCC1CCCN1CC,0.92206837
A18C2B1,CCCCCCCCCCCCCCNC(=O)C(CCCCCOC(=O)CCCCCCCC)NCC1CCCN1CC,1.17529723
A18C3B1,CCCCCCCCCCCCCCCCNC(=O)C(CCCCCOC(=O)CCCCCCCC)NCC1CCCN1CC,2.03042489
A19C5B1,CCCCCCCC\C=C/CCCCCCCCNC(=O)C(CCCCCOC(=O)CCCCCCCC)NCCN1CCNCC1,3.21848516
A19C4B1,CCCCCCCCCCCCCCCCCCNC(=O)C(CCCCCOC(=O)CCCCCCCC)NCCN1CCNCC1,2.92408854
A19C1B1,CCCCCCCCCCCCNC(=O)C(CCCCCOC(=O)CCCCCCCC)NCCN1CCNCC1,3.10324305
A19C2B1,CCCCCCCCCCCCCCNC(=O)C(CCCCCOC(=O)CCCCCCCC)NCCN1CCNCC1,1.64032388
A19C3B1,CCCCCCCCCCCCCCCCNC(=O)C(CCCCCOC(=O)CCCCCCCC)NCCN1CCNCC1,3.02624158
A20C5B1,CCCCCCCC\C=C/CCCCCCCCNC(=O)C(CCCCCOC(=O)CCCCCCCC)NC1CCNCC1,0.5314897
A20C4B1,CCCCCCCCCCCCCCCCCCNC(=O)C(CCCCCOC(=O)CCCCCCCC)NC1CCNCC1,2.01133213
A20C1B1,CCCCCCCCCCCCNC(=O)C(CCCCCOC(=O)CCCCCCCC)NC1CCNCC1,3.07063352
A20C2B1,CCCCCCCCCCCCCCNC(=O)C(CCCCCOC(=O)CCCCCCCC)NC1CCNCC1,1.3836183
A20C3B1,CCCCCCCCCCCCCCCCNC(=O)C(CCCCCOC(=O)CCCCCCCC)NC1CCNCC1,1.43416605
A1C5B1,CCCCCCCC\C=C/CCCCCCCCNC(=O)C(CCCCCOC(=O)CCCCCCCC)NCCN(C)C,9.6337035
A1C4B1,CCCCCCCCCCCCCCCCCCNC(=O)C(CCCCCOC(=O)CCCCCCCC)NCCN(C)C,8.61631594
A1C1B1,CCCCCCCCCCCCNC(=O)C(CCCCCOC(=O)CCCCCCCC)NCCN(C)C,4.05668942
A1C2B1,CCCCCCCCCCCCCCNC(=O)C(CCCCCOC(=O)CCCCCCCC)NCCN(C)C,3.95155437
A1C3B1,CCCCCCCCCCCCCCCCNC(=O)C(CCCCCOC(=O)CCCCCCCC)NCCN(C)C,2.56157952
A6C5B1,CCCCCCCC\C=C/CCCCCCCCNC(=O)C(CCCCCOC(=O)CCCCCCCC)NCCCN(C)C,7.11056095
A6C4B1,CCCCCCCCCCCCCCCCCCNC(=O)C(CCCCCOC(=O)CCCCCCCC)NCCCN(C)C,4.37378047
A6C1B1,CCCCCCCCCCCCNC(=O)C(CCCCCOC(=O)CCCCCCCC)NCCCN(C)C,3.15516584
A6C2B1,CCCCCCCCCCCCCCNC(=O)C(CCCCCOC(=O)CCCCCCCC)NCCCN(C)C,2.10632863
A6C3B1,CCCCCCCCCCCCCCCCNC(=O)C(CCCCCOC(=O)CCCCCCCC)NCCCN(C)C,3.06492652
A3C5B1,CCCCCCCC\C=C/CCCCCCCCNC(=O)C(CCCCCOC(=O)CCCCCCCC)NCCCN(CC)CC,11.164203
A3C4B1,CCCCCCCCCCCCCCCCCCNC(=O)C(CCCCCOC(=O)CCCCCCCC)NCCCN(CC)CC,9.09913627
A3C1B1,CCCCCCCCCCCCNC(=O)C(CCCCCOC(=O)CCCCCCCC)NCCCN(CC)CC,7.33559491
A3C2B1,CCCCCCCCCCCCCCNC(=O)C(CCCCCOC(=O)CCCCCCCC)NCCCN(CC)CC,6.96500636
A3C3B1,CCCCCCCCCCCCCCCCNC(=O)C(CCCCCOC(=O)CCCCCCCC)NCCCN(CC)CC,5.87187398
A8C5B1,CCCCCCCC\C=C/CCCCCCCCNC(=O)C(CCCCCOC(=O)CCCCCCCC)NCCCN(CCCC)CCCC,5.95032256
A8C4B1,CCCCCCCCCCCCCCCCCCNC(=O)C(CCCCCOC(=O)CCCCCCCC)NCCCN(CCCC)CCCC,3.32182727
A8C1B1,CCCCCCCCCCCCNC(=O)C(CCCCCOC(=O)CCCCCCCC)NCCCN(CCCC)CCCC,3.33944206
A8C2B1,CCCCCCCCCCCCCCNC(=O)C(CCCCCOC(=O)CCCCCCCC)NCCCN(CCCC)CCCC,2.92972545
A8C3B1,CCCCCCCCCCCCCCCCNC(=O)C(CCCCCOC(=O)CCCCCCCC)NCCCN(CCCC)CCCC,1.11519059
A2C5B1,CCCCCCCC\C=C/CCCCCCCCNC(=O)C(CCCCCOC(=O)CCCCCCCC)NCCCN1CCCC1,12.2023828
A2C4B1,CCCCCCCCCCCCCCCCCCNC(=O)C(CCCCCOC(=O)CCCCCCCC)NCCCN1CCCC1,10.6474209
A2C1B1,CCCCCCCCCCCCNC(=O)C(CCCCCOC(=O)CCCCCCCC)NCCCN1CCCC1,5.89064718
A2C2B1,CCCCCCCCCCCCCCNC(=O)C(CCCCCOC(=O)CCCCCCCC)NCCCN1CCCC1,7.6350227
A2C3B1,CCCCCCCCCCCCCCCCNC(=O)C(CCCCCOC(=O)CCCCCCCC)NCCCN1CCCC1,6.11859465
A7C5B1,CCCCCCCC\C=C/CCCCCCCCNC(=O)C(CCCCCOC(=O)CCCCCCCC)NCCCN1CCOCC1,6.41904013
A7C4B1,CCCCCCCCCCCCCCCCCCNC(=O)C(CCCCCOC(=O)CCCCCCCC)NCCCN1CCOCC1,6.2628551
A7C1B1,CCCCCCCCCCCCNC(=O)C(CCCCCOC(=O)CCCCCCCC)NCCCN1CCOCC1,3.48473835
A7C2B1,CCCCCCCCCCCCCCNC(=O)C(CCCCCOC(=O)CCCCCCCC)NCCCN1CCOCC1,2.87917915
A7C3B1,CCCCCCCCCCCCCCCCNC(=O)C(CCCCCOC(=O)CCCCCCCC)NCCCN1CCOCC1,1.29299712
A4C5B1,CCCCCCCC\C=C/CCCCCCCCNC(=O)C(CCCCCOC(=O)CCCCCCCC)NCCN(CC)CC,11.2747548
A4C4B1,CCCCCCCCCCCCCCCCCCNC(=O)C(CCCCCOC(=O)CCCCCCCC)NCCN(CC)CC,10.5927354
A4C1B1,CCCCCCCCCCCCNC(=O)C(CCCCCOC(=O)CCCCCCCC)NCCN(CC)CC,3.81049805
A4C2B1,CCCCCCCCCCCCCCNC(=O)C(CCCCCOC(=O)CCCCCCCC)NCCN(CC)CC,6.36548758
A4C3B1,CCCCCCCCCCCCCCCCNC(=O)C(CCCCCOC(=O)CCCCCCCC)NCCN(CC)CC,4.99546026
A11C5B1,CCCCCCCC\C=C/CCCCCCCCNC(=O)C(CCCCCOC(=O)CCCCCCCC)NN1CCOCC1,3.75042785
A11C4B1,CCCCCCCCCCCCCCCCCCNC(=O)C(CCCCCOC(=O)CCCCCCCC)NN1CCOCC1,3.4174752
A11C1B1,CCCCCCCCCCCCNC(=O)C(CCCCCOC(=O)CCCCCCCC)NN1CCOCC1,0.70898532
A11C2B1,CCCCCCCCCCCCCCNC(=O)C(CCCCCOC(=O)CCCCCCCC)NN1CCOCC1,1.94087005
A11C3B1,CCCCCCCCCCCCCCCCNC(=O)C(CCCCCOC(=O)CCCCCCCC)NN1CCOCC1,3.92863814
A12C5B1,CCCCCCCC\C=C/CCCCCCCCNC(=O)C(CCCCCOC(=O)CCCCCCCC)NC1CCN(C)CC1,2.89885328
A12C4B1,CCCCCCCCCCCCCCCCCCNC(=O)C(CCCCCOC(=O)CCCCCCCC)NC1CCN(C)CC1,2.30016475
A12C1B1,CCCCCCCCCCCCNC(=O)C(CCCCCOC(=O)CCCCCCCC)NC1CCN(C)CC1,1.56825284
A12C2B1,CCCCCCCCCCCCCCNC(=O)C(CCCCCOC(=O)CCCCCCCC)NC1CCN(C)CC1,1.70827303
A12C3B1,CCCCCCCCCCCCCCCCNC(=O)C(CCCCCOC(=O)CCCCCCCC)NC1CCN(C)CC1,2.42636056
A14C5B1,CCCCCCCC\C=C/CCCCCCCCNC(=O)C(CCCCCOC(=O)CCCCCCCC)NC1=CNN=C1,15.9596558
A14C4B1,CCCCCCCCCCCCCCCCCCNC(=O)C(CCCCCOC(=O)CCCCCCCC)NC1=CNN=C1,15.0610049
A14C1B1,CCCCCCCCCCCCNC(=O)C(CCCCCOC(=O)CCCCCCCC)NC1=CNN=C1,9.42489099
A14C2B1,CCCCCCCCCCCCCCNC(=O)C(CCCCCOC(=O)CCCCCCCC)NC1=CNN=C1,13.9210429
A14C3B1,CCCCCCCCCCCCCCCCNC(=O)C(CCCCCOC(=O)CCCCCCCC)NC1=CNN=C1,15.3270591
A9C5B1,CCCCCCCC\C=C/CCCCCCCCNC(=O)C(CCCCCOC(=O)CCCCCCCC)NC1=CC(C)=NN1C,3.53915881
A9C4B1,CCCCCCCCCCCCCCCCCCNC(=O)C(CCCCCOC(=O)CCCCCCCC)NC1=CC(C)=NN1C,2.54394478
A9C1B1,CCCCCCCCCCCCNC(=O)C(CCCCCOC(=O)CCCCCCCC)NC1=CC(C)=NN1C,2.0660755
A9C2B1,CCCCCCCCCCCCCCNC(=O)C(CCCCCOC(=O)CCCCCCCC)NC1=CC(C)=NN1C,1.51001629
A9C3B1,CCCCCCCCCCCCCCCCNC(=O)C(CCCCCOC(=O)CCCCCCCC)NC1=CC(C)=NN1C,2.63531704
A13C5B1,CCCCCCCC\C=C/CCCCCCCCNC(=O)C(CCCCCOC(=O)CCCCCCCC)NN1CCCCC1,5.78135971
A13C4B1,CCCCCCCCCCCCCCCCCCNC(=O)C(CCCCCOC(=O)CCCCCCCC)NN1CCCCC1,5.1020067
A13C1B1,CCCCCCCCCCCCNC(=O)C(CCCCCOC(=O)CCCCCCCC)NN1CCCCC1,2.0694669
A13C2B1,CCCCCCCCCCCCCCNC(=O)C(CCCCCOC(=O)CCCCCCCC)NN1CCCCC1,4.53133008
A13C3B1,CCCCCCCCCCCCCCCCNC(=O)C(CCCCCOC(=O)CCCCCCCC)NN1CCCCC1,5.39154394
A5C5B1,CCCCCCCC\C=C/CCCCCCCCNC(=O)C(CCCCCOC(=O)CCCCCCCC)NCCN(CCN)CCN,7.41412666
A5C4B1,CCCCCCCCCCCCCCCCCCNC(=O)C(CCCCCOC(=O)CCCCCCCC)NCCN(CCN)CCN,3.9423778
A5C1B1,CCCCCCCCCCCCNC(=O)C(CCCCCOC(=O)CCCCCCCC)NCCN(CCN)CCN,4.79471348
A5C2B1,CCCCCCCCCCCCCCNC(=O)C(CCCCCOC(=O)CCCCCCCC)NCCN(CCN)CCN,4.6012732
A5C3B1,CCCCCCCCCCCCCCCCNC(=O)C(CCCCCOC(=O)CCCCCCCC)NCCN(CCN)CCN,2.33540373
A10C5B1,CCCCCCCC\C=C/CCCCCCCCNC(=O)C(CCCCCOC(=O)CCCCCCCC)NCCN1CCCC1,5.76708093
A10C4B1,CCCCCCCCCCCCCCCCCCNC(=O)C(CCCCCOC(=O)CCCCCCCC)NCCN1CCCC1,5.30521041
A10C1B1,CCCCCCCCCCCCNC(=O)C(CCCCCOC(=O)CCCCCCCC)NCCN1CCCC1,1.15234347
A10C2B1,CCCCCCCCCCCCCCNC(=O)C(CCCCCOC(=O)CCCCCCCC)NCCN1CCCC1,2.60541868
A10C3B1,CCCCCCCCCCCCCCCCNC(=O)C(CCCCCOC(=O)CCCCCCCC)NCCN1CCCC1,5.50608944
A15C5B1,CCCCCCCC\C=C/CCCCCCCCNC(=O)C(CCCCCOC(=O)CCCCCCCC)NCCN1CCCCC1,6.42626475
A15C4B1,CCCCCCCCCCCCCCCCCCNC(=O)C(CCCCCOC(=O)CCCCCCCC)NCCN1CCCCC1,5.66316775
A15C1B1,CCCCCCCCCCCCNC(=O)C(CCCCCOC(=O)CCCCCCCC)NCCN1CCCCC1,2.14870679
A15C2B1,CCCCCCCCCCCCCCNC(=O)C(CCCCCOC(=O)CCCCCCCC)NCCN1CCCCC1,5.95049342
A15C3B1,CCCCCCCCCCCCCCCCNC(=O)C(CCCCCOC(=O)CCCCCCCC)NCCN1CCCCC1,5.80001724
A16C5B1,CCCCCCCC\C=C/CCCCCCCCNC(=O)C(CCCCCOC(=O)CCCCCCCC)NCCN(C(C)C)C(C)C,3.32792684
A16C4B1,CCCCCCCCCCCCCCCCCCNC(=O)C(CCCCCOC(=O)CCCCCCCC)NCCN(C(C)C)C(C)C,2.87095345
A16C1B1,CCCCCCCCCCCCNC(=O)C(CCCCCOC(=O)CCCCCCCC)NCCN(C(C)C)C(C)C,1.35798197
A16C2B1,CCCCCCCCCCCCCCNC(=O)C(CCCCCOC(=O)CCCCCCCC)NCCN(C(C)C)C(C)C,2.02528471
A16C3B1,CCCCCCCCCCCCCCCCNC(=O)C(CCCCCOC(=O)CCCCCCCC)NCCN(C(C)C)C(C)C,3.74423475
A17C5B8,CCCCCCCC\C=C/CCCCCCCCNC(=O)C(CCCCCOC(=O)CCCCCCCCC=C)NCCCN(C)CCCN,-0.010030927
A17C4B8,CCCCCCCCCCCCCCCCCCNC(=O)C(CCCCCOC(=O)CCCCCCCCC=C)NCCCN(C)CCCN,-0.240337391
A17C1B8,CCCCCCCCCCCCNC(=O)C(CCCCCOC(=O)CCCCCCCCC=C)NCCCN(C)CCCN,0.57673871
A17C2B8,CCCCCCCCCCCCCCNC(=O)C(CCCCCOC(=O)CCCCCCCCC=C)NCCCN(C)CCCN,-0.29527615
A17C3B8,CCCCCCCCCCCCCCCCNC(=O)C(CCCCCOC(=O)CCCCCCCCC=C)NCCCN(C)CCCN,0.57797607
A18C5B8,CCCCCCCC\C=C/CCCCCCCCNC(=O)C(CCCCCOC(=O)CCCCCCCCC=C)NCC1CCCN1CC,2.60150383
A18C4B8,CCCCCCCCCCCCCCCCCCNC(=O)C(CCCCCOC(=O)CCCCCCCCC=C)NCC1CCCN1CC,3.183221824
A18C1B8,CCCCCCCCCCCCNC(=O)C(CCCCCOC(=O)CCCCCCCCC=C)NCC1CCCN1CC,-0.017382898
A18C2B8,CCCCCCCCCCCCCCNC(=O)C(CCCCCOC(=O)CCCCCCCCC=C)NCC1CCCN1CC,0.876110826
A18C3B8,CCCCCCCCCCCCCCCCNC(=O)C(CCCCCOC(=O)CCCCCCCCC=C)NCC1CCCN1CC,1.902702799
A19C5B8,CCCCCCCC\C=C/CCCCCCCCNC(=O)C(CCCCCOC(=O)CCCCCCCCC=C)NCCN1CCNCC1,0.74946835
A19C4B8,CCCCCCCCCCCCCCCCCCNC(=O)C(CCCCCOC(=O)CCCCCCCCC=C)NCCN1CCNCC1,1.765191052
A19C1B8,CCCCCCCCCCCCNC(=O)C(CCCCCOC(=O)CCCCCCCCC=C)NCCN1CCNCC1,1.11424881
A19C2B8,CCCCCCCCCCCCCCNC(=O)C(CCCCCOC(=O)CCCCCCCCC=C)NCCN1CCNCC1,1.401424958
A19C3B8,CCCCCCCCCCCCCCCCNC(=O)C(CCCCCOC(=O)CCCCCCCCC=C)NCCN1CCNCC1,0.7750173
A20C5B8,CCCCCCCC\C=C/CCCCCCCCNC(=O)C(CCCCCOC(=O)CCCCCCCCC=C)NC1CCNCC1,2.101600618
A20C4B8,CCCCCCCCCCCCCCCCCCNC(=O)C(CCCCCOC(=O)CCCCCCCCC=C)NC1CCNCC1,0.61418264
A20C1B8,CCCCCCCCCCCCNC(=O)C(CCCCCOC(=O)CCCCCCCCC=C)NC1CCNCC1,0.909815809
A20C2B8,CCCCCCCCCCCCCCNC(=O)C(CCCCCOC(=O)CCCCCCCCC=C)NC1CCNCC1,0.004985556
A20C3B8,CCCCCCCCCCCCCCCCNC(=O)C(CCCCCOC(=O)CCCCCCCCC=C)NC1CCNCC1,1.855221643
A1C5B8,CCCCCCCC\C=C/CCCCCCCCNC(=O)C(CCCCCOC(=O)CCCCCCCCC=C)NCCN(C)C,7.568025938
A1C4B8,CCCCCCCCCCCCCCCCCCNC(=O)C(CCCCCOC(=O)CCCCCCCCC=C)NCCN(C)C,5.622934706
A1C1B8,CCCCCCCCCCCCNC(=O)C(CCCCCOC(=O)CCCCCCCCC=C)NCCN(C)C,-1.863498
A1C2B8,CCCCCCCCCCCCCCNC(=O)C(CCCCCOC(=O)CCCCCCCCC=C)NCCN(C)C,5.155618889
A1C3B8,CCCCCCCCCCCCCCCCNC(=O)C(CCCCCOC(=O)CCCCCCCCC=C)NCCN(C)C,0.435463497
A6C5B8,CCCCCCCC\C=C/CCCCCCCCNC(=O)C(CCCCCOC(=O)CCCCCCCCC=C)NCCCN(C)C,8.30503336
A6C4B8,CCCCCCCCCCCCCCCCCCNC(=O)C(CCCCCOC(=O)CCCCCCCCC=C)NCCCN(C)C,6.674831756
A6C1B8,CCCCCCCCCCCCNC(=O)C(CCCCCOC(=O)CCCCCCCCC=C)NCCCN(C)C,4.09392654
A6C2B8,CCCCCCCCCCCCCCNC(=O)C(CCCCCOC(=O)CCCCCCCCC=C)NCCCN(C)C,7.009458131
A6C3B8,CCCCCCCCCCCCCCCCNC(=O)C(CCCCCOC(=O)CCCCCCCCC=C)NCCCN(C)C,4.809679362
A3C5B8,CCCCCCCC\C=C/CCCCCCCCNC(=O)C(CCCCCOC(=O)CCCCCCCCC=C)NCCCN(CC)CC,7.689850942
A3C4B8,CCCCCCCCCCCCCCCCCCNC(=O)C(CCCCCOC(=O)CCCCCCCCC=C)NCCCN(CC)CC,6.990966525
A3C1B8,CCCCCCCCCCCCNC(=O)C(CCCCCOC(=O)CCCCCCCCC=C)NCCCN(CC)CC,2.972903077
A3C2B8,CCCCCCCCCCCCCCNC(=O)C(CCCCCOC(=O)CCCCCCCCC=C)NCCCN(CC)CC,4.484841886
A3C3B8,CCCCCCCCCCCCCCCCNC(=O)C(CCCCCOC(=O)CCCCCCCCC=C)NCCCN(CC)CC,1.79169332
A8C5B8,CCCCCCCC\C=C/CCCCCCCCNC(=O)C(CCCCCOC(=O)CCCCCCCCC=C)NCCCN(CCCC)CCCC,7.606023721
A8C4B8,CCCCCCCCCCCCCCCCCCNC(=O)C(CCCCCOC(=O)CCCCCCCCC=C)NCCCN(CCCC)CCCC,4.732233994
A8C1B8,CCCCCCCCCCCCNC(=O)C(CCCCCOC(=O)CCCCCCCCC=C)NCCCN(CCCC)CCCC,4.234534083
A8C2B8,CCCCCCCCCCCCCCNC(=O)C(CCCCCOC(=O)CCCCCCCCC=C)NCCCN(CCCC)CCCC,8.687212333
A8C3B8,CCCCCCCCCCCCCCCCNC(=O)C(CCCCCOC(=O)CCCCCCCCC=C)NCCCN(CCCC)CCCC,6.567636898
A2C5B8,CCCCCCCC\C=C/CCCCCCCCNC(=O)C(CCCCCOC(=O)CCCCCCCCC=C)NCCCN1CCCC1,7.084672884
A2C4B8,CCCCCCCCCCCCCCCCCCNC(=O)C(CCCCCOC(=O)CCCCCCCCC=C)NCCCN1CCCC1,6.94994071
A2C1B8,CCCCCCCCCCCCNC(=O)C(CCCCCOC(=O)CCCCCCCCC=C)NCCCN1CCCC1,2.964462126
A2C2B8,CCCCCCCCCCCCCCNC(=O)C(CCCCCOC(=O)CCCCCCCCC=C)NCCCN1CCCC1,7.169541223
A2C3B8,CCCCCCCCCCCCCCCCNC(=O)C(CCCCCOC(=O)CCCCCCCCC=C)NCCCN1CCCC1,1.504571479
A7C5B8,CCCCCCCC\C=C/CCCCCCCCNC(=O)C(CCCCCOC(=O)CCCCCCCCC=C)NCCCN1CCOCC1,11.26874761
A7C4B8,CCCCCCCCCCCCCCCCCCNC(=O)C(CCCCCOC(=O)CCCCCCCCC=C)NCCCN1CCOCC1,7.251479146
A7C1B8,CCCCCCCCCCCCNC(=O)C(CCCCCOC(=O)CCCCCCCCC=C)NCCCN1CCOCC1,2.636347887
A7C2B8,CCCCCCCCCCCCCCNC(=O)C(CCCCCOC(=O)CCCCCCCCC=C)NCCCN1CCOCC1,6.303378776
A7C3B8,CCCCCCCCCCCCCCCCNC(=O)C(CCCCCOC(=O)CCCCCCCCC=C)NCCCN1CCOCC1,4.824336567
A4C5B8,CCCCCCCC\C=C/CCCCCCCCNC(=O)C(CCCCCOC(=O)CCCCCCCCC=C)NCCN(CC)CC,5.487761579
A4C4B8,CCCCCCCCCCCCCCCCCCNC(=O)C(CCCCCOC(=O)CCCCCCCCC=C)NCCN(CC)CC,5.495888407
A4C1B8,CCCCCCCCCCCCNC(=O)C(CCCCCOC(=O)CCCCCCCCC=C)NCCN(CC)CC,2.7650488
A4C2B8,CCCCCCCCCCCCCCNC(=O)C(CCCCCOC(=O)CCCCCCCCC=C)NCCN(CC)CC,4.655104563
A4C3B8,CCCCCCCCCCCCCCCCNC(=O)C(CCCCCOC(=O)CCCCCCCCC=C)NCCN(CC)CC,0.033845736
A11C5B8,CCCCCCCC\C=C/CCCCCCCCNC(=O)C(CCCCCOC(=O)CCCCCCCCC=C)NN1CCOCC1,6.963377787
A11C4B8,CCCCCCCCCCCCCCCCCCNC(=O)C(CCCCCOC(=O)CCCCCCCCC=C)NN1CCOCC1,4.954032822
A11C1B8,CCCCCCCCCCCCNC(=O)C(CCCCCOC(=O)CCCCCCCCC=C)NN1CCOCC1,7.377875158
A11C2B8,CCCCCCCCCCCCCCNC(=O)C(CCCCCOC(=O)CCCCCCCCC=C)NN1CCOCC1,7.16067772
A11C3B8,CCCCCCCCCCCCCCCCNC(=O)C(CCCCCOC(=O)CCCCCCCCC=C)NN1CCOCC1,5.029097411
A12C5B8,CCCCCCCC\C=C/CCCCCCCCNC(=O)C(CCCCCOC(=O)CCCCCCCCC=C)NC1CCN(C)CC1,6.569222709
A12C4B8,CCCCCCCCCCCCCCCCCCNC(=O)C(CCCCCOC(=O)CCCCCCCCC=C)NC1CCN(C)CC1,5.966913563
A12C1B8,CCCCCCCCCCCCNC(=O)C(CCCCCOC(=O)CCCCCCCCC=C)NC1CCN(C)CC1,6.982112182
A12C2B8,CCCCCCCCCCCCCCNC(=O)C(CCCCCOC(=O)CCCCCCCCC=C)NC1CCN(C)CC1,6.011779596
A12C3B8,CCCCCCCCCCCCCCCCNC(=O)C(CCCCCOC(=O)CCCCCCCCC=C)NC1CCN(C)CC1,5.920296826
A14C5B8,CCCCCCCC\C=C/CCCCCCCCNC(=O)C(CCCCCOC(=O)CCCCCCCCC=C)NC1=CNN=C1,6.997649951
A14C4B8,CCCCCCCCCCCCCCCCCCNC(=O)C(CCCCCOC(=O)CCCCCCCCC=C)NC1=CNN=C1,5.191557209
A14C1B8,CCCCCCCCCCCCNC(=O)C(CCCCCOC(=O)CCCCCCCCC=C)NC1=CNN=C1,6.789602777
A14C2B8,CCCCCCCCCCCCCCNC(=O)C(CCCCCOC(=O)CCCCCCCCC=C)NC1=CNN=C1,5.515241491
A14C3B8,CCCCCCCCCCCCCCCCNC(=O)C(CCCCCOC(=O)CCCCCCCCC=C)NC1=CNN=C1,5.388954029
A9C5B8,CCCCCCCC\C=C/CCCCCCCCNC(=O)C(CCCCCOC(=O)CCCCCCCCC=C)NC1=CC(C)=NN1C,10.38635651
A9C4B8,CCCCCCCCCCCCCCCCCCNC(=O)C(CCCCCOC(=O)CCCCCCCCC=C)NC1=CC(C)=NN1C,4.598436493
A9C1B8,CCCCCCCCCCCCNC(=O)C(CCCCCOC(=O)CCCCCCCCC=C)NC1=CC(C)=NN1C,6.756639447
A9C2B8,CCCCCCCCCCCCCCNC(=O)C(CCCCCOC(=O)CCCCCCCCC=C)NC1=CC(C)=NN1C,6.272463088
A9C3B8,CCCCCCCCCCCCCCCCNC(=O)C(CCCCCOC(=O)CCCCCCCCC=C)NC1=CC(C)=NN1C,4.827069929
A13C5B8,CCCCCCCC\C=C/CCCCCCCCNC(=O)C(CCCCCOC(=O)CCCCCCCCC=C)NN1CCCCC1,6.223197272
A13C4B8,CCCCCCCCCCCCCCCCCCNC(=O)C(CCCCCOC(=O)CCCCCCCCC=C)NN1CCCCC1,5.759926256
A13C1B8,CCCCCCCCCCCCNC(=O)C(CCCCCOC(=O)CCCCCCCCC=C)NN1CCCCC1,6.79939331
A13C2B8,CCCCCCCCCCCCCCNC(=O)C(CCCCCOC(=O)CCCCCCCCC=C)NN1CCCCC1,6.138492608
A13C3B8,CCCCCCCCCCCCCCCCNC(=O)C(CCCCCOC(=O)CCCCCCCCC=C)NN1CCCCC1,6.018542669
A5C5B8,CCCCCCCC\C=C/CCCCCCCCNC(=O)C(CCCCCOC(=O)CCCCCCCCC=C)NCCN(CCN)CCN,2.561943008
A5C4B8,CCCCCCCCCCCCCCCCCCNC(=O)C(CCCCCOC(=O)CCCCCCCCC=C)NCCN(CCN)CCN,6.871928859
A5C1B8,CCCCCCCCCCCCNC(=O)C(CCCCCOC(=O)CCCCCCCCC=C)NCCN(CCN)CCN,4.562766755
A5C2B8,CCCCCCCCCCCCCCNC(=O)C(CCCCCOC(=O)CCCCCCCCC=C)NCCN(CCN)CCN,5.69454336
A5C3B8,CCCCCCCCCCCCCCCCNC(=O)C(CCCCCOC(=O)CCCCCCCCC=C)NCCN(CCN)CCN,4.05806736
A10C5B8,CCCCCCCC\C=C/CCCCCCCCNC(=O)C(CCCCCOC(=O)CCCCCCCCC=C)NCCN1CCCC1,8.738655263
A10C4B8,CCCCCCCCCCCCCCCCCCNC(=O)C(CCCCCOC(=O)CCCCCCCCC=C)NCCN1CCCC1,6.508224298
A10C1B8,CCCCCCCCCCCCNC(=O)C(CCCCCOC(=O)CCCCCCCCC=C)NCCN1CCCC1,7.868776704
A10C2B8,CCCCCCCCCCCCCCNC(=O)C(CCCCCOC(=O)CCCCCCCCC=C)NCCN1CCCC1,7.891502398
A10C3B8,CCCCCCCCCCCCCCCCNC(=O)C(CCCCCOC(=O)CCCCCCCCC=C)NCCN1CCCC1,6.660352611
A15C5B8,CCCCCCCC\C=C/CCCCCCCCNC(=O)C(CCCCCOC(=O)CCCCCCCCC=C)NCCN1CCCCC1,8.088346575
A15C4B8,CCCCCCCCCCCCCCCCCCNC(=O)C(CCCCCOC(=O)CCCCCCCCC=C)NCCN1CCCCC1,4.361212115
A15C1B8,CCCCCCCCCCCCNC(=O)C(CCCCCOC(=O)CCCCCCCCC=C)NCCN1CCCCC1,7.363993802
A15C2B8,CCCCCCCCCCCCCCNC(=O)C(CCCCCOC(=O)CCCCCCCCC=C)NCCN1CCCCC1,6.956187498
A15C3B8,CCCCCCCCCCCCCCCCNC(=O)C(CCCCCOC(=O)CCCCCCCCC=C)NCCN1CCCCC1,4.066541169
A16C5B8,CCCCCCCC\C=C/CCCCCCCCNC(=O)C(CCCCCOC(=O)CCCCCCCCC=C)NCCN(C(C)C)C(C)C,6.501837185
A16C4B8,CCCCCCCCCCCCCCCCCCNC(=O)C(CCCCCOC(=O)CCCCCCCCC=C)NCCN(C(C)C)C(C)C,6.142469434
A16C1B8,CCCCCCCCCCCCNC(=O)C(CCCCCOC(=O)CCCCCCCCC=C)NCCN(C(C)C)C(C)C,8.177132948
A16C2B8,CCCCCCCCCCCCCCNC(=O)C(CCCCCOC(=O)CCCCCCCCC=C)NCCN(C(C)C)C(C)C,-0.080868776
A16C3B8,CCCCCCCCCCCCCCCCNC(=O)C(CCCCCOC(=O)CCCCCCCCC=C)NCCN(C(C)C)C(C)C,6.261474087
A17C5B5,CCCCCCCC\C=C/CCCCCCCCNC(=O)C(CCCCCOC(=O)\C=C\CCCCCCC)NCCCN(C)CCCN,1.536841815
A17C4B5,CCCCCCCCCCCCCCCCCCNC(=O)C(CCCCCOC(=O)\C=C\CCCCCCC)NCCCN(C)CCCN,-0.681273244
A17C1B5,CCCCCCCCCCCCNC(=O)C(CCCCCOC(=O)\C=C\CCCCCCC)NCCCN(C)CCCN,0.425953486
A17C2B5,CCCCCCCCCCCCCCNC(=O)C(CCCCCOC(=O)\C=C\CCCCCCC)NCCCN(C)CCCN,0.905212523
A17C3B5,CCCCCCCCCCCCCCCCNC(=O)C(CCCCCOC(=O)\C=C\CCCCCCC)NCCCN(C)CCCN,1.616591146
A18C5B5,CCCCCCCC\C=C/CCCCCCCCNC(=O)C(CCCCCOC(=O)\C=C\CCCCCCC)NCC1CCCN1CC,1.671171348
A18C4B5,CCCCCCCCCCCCCCCCCCNC(=O)C(CCCCCOC(=O)\C=C\CCCCCCC)NCC1CCCN1CC,1.337707443
A18C1B5,CCCCCCCCCCCCNC(=O)C(CCCCCOC(=O)\C=C\CCCCCCC)NCC1CCCN1CC,0.70745091
A18C2B5,CCCCCCCCCCCCCCNC(=O)C(CCCCCOC(=O)\C=C\CCCCCCC)NCC1CCCN1CC,-0.51536883
A18C3B5,CCCCCCCCCCCCCCCCNC(=O)C(CCCCCOC(=O)\C=C\CCCCCCC)NCC1CCCN1CC,1.733178627
A19C5B5,CCCCCCCC\C=C/CCCCCCCCNC(=O)C(CCCCCOC(=O)\C=C\CCCCCCC)NCCN1CCNCC1,0.949801548
A19C4B5,CCCCCCCCCCCCCCCCCCNC(=O)C(CCCCCOC(=O)\C=C\CCCCCCC)NCCN1CCNCC1,0.84361722
A19C1B5,CCCCCCCCCCCCNC(=O)C(CCCCCOC(=O)\C=C\CCCCCCC)NCCN1CCNCC1,0.453967636
A19C2B5,CCCCCCCCCCCCCCNC(=O)C(CCCCCOC(=O)\C=C\CCCCCCC)NCCN1CCNCC1,1.722619278
A19C3B5,CCCCCCCCCCCCCCCCNC(=O)C(CCCCCOC(=O)\C=C\CCCCCCC)NCCN1CCNCC1,0.186366536
A20C5B5,CCCCCCCC\C=C/CCCCCCCCNC(=O)C(CCCCCOC(=O)\C=C\CCCCCCC)NC1CCNCC1,1.999103804
A20C4B5,CCCCCCCCCCCCCCCCCCNC(=O)C(CCCCCOC(=O)\C=C\CCCCCCC)NC1CCNCC1,0.618795417
A20C1B5,CCCCCCCCCCCCNC(=O)C(CCCCCOC(=O)\C=C\CCCCCCC)NC1CCNCC1,1.403511538
A20C2B5,CCCCCCCCCCCCCCNC(=O)C(CCCCCOC(=O)\C=C\CCCCCCC)NC1CCNCC1,1.378835017
A20C3B5,CCCCCCCCCCCCCCCCNC(=O)C(CCCCCOC(=O)\C=C\CCCCCCC)NC1CCNCC1,0.715591943
A1C5B5,CCCCCCCC\C=C/CCCCCCCCNC(=O)C(CCCCCOC(=O)\C=C\CCCCCCC)NCCN(C)C,7.780407475
A1C4B5,CCCCCCCCCCCCCCCCCCNC(=O)C(CCCCCOC(=O)\C=C\CCCCCCC)NCCN(C)C,5.480848234
A1C1B5,CCCCCCCCCCCCNC(=O)C(CCCCCOC(=O)\C=C\CCCCCCC)NCCN(C)C,2.623001862
A1C2B5,CCCCCCCCCCCCCCNC(=O)C(CCCCCOC(=O)\C=C\CCCCCCC)NCCN(C)C,4.130049205
A1C3B5,CCCCCCCCCCCCCCCCNC(=O)C(CCCCCOC(=O)\C=C\CCCCCCC)NCCN(C)C,2.907378033
A6C5B5,CCCCCCCC\C=C/CCCCCCCCNC(=O)C(CCCCCOC(=O)\C=C\CCCCCCC)NCCCN(C)C,9.97974855
A6C4B5,CCCCCCCCCCCCCCCCCCNC(=O)C(CCCCCOC(=O)\C=C\CCCCCCC)NCCCN(C)C,6.10380965
A6C1B5,CCCCCCCCCCCCNC(=O)C(CCCCCOC(=O)\C=C\CCCCCCC)NCCCN(C)C,6.035858923
A6C2B5,CCCCCCCCCCCCCCNC(=O)C(CCCCCOC(=O)\C=C\CCCCCCC)NCCCN(C)C,7.201085909
A6C3B5,CCCCCCCCCCCCCCCCNC(=O)C(CCCCCOC(=O)\C=C\CCCCCCC)NCCCN(C)C,6.199970655
A3C5B5,CCCCCCCC\C=C/CCCCCCCCNC(=O)C(CCCCCOC(=O)\C=C\CCCCCCC)NCCCN(CC)CC,7.822855194
A3C4B5,CCCCCCCCCCCCCCCCCCNC(=O)C(CCCCCOC(=O)\C=C\CCCCCCC)NCCCN(CC)CC,7.028478111
A3C1B5,CCCCCCCCCCCCNC(=O)C(CCCCCOC(=O)\C=C\CCCCCCC)NCCCN(CC)CC,3.113781923
A3C2B5,CCCCCCCCCCCCCCNC(=O)C(CCCCCOC(=O)\C=C\CCCCCCC)NCCCN(CC)CC,5.297307764
A3C3B5,CCCCCCCCCCCCCCCCNC(=O)C(CCCCCOC(=O)\C=C\CCCCCCC)NCCCN(CC)CC,2.793663933
A8C5B5,CCCCCCCC\C=C/CCCCCCCCNC(=O)C(CCCCCOC(=O)\C=C\CCCCCCC)NCCCN(CCCC)CCCC,12.911927
A8C4B5,CCCCCCCCCCCCCCCCCCNC(=O)C(CCCCCOC(=O)\C=C\CCCCCCC)NCCCN(CCCC)CCCC,5.379663731
A8C1B5,CCCCCCCCCCCCNC(=O)C(CCCCCOC(=O)\C=C\CCCCCCC)NCCCN(CCCC)CCCC,6.921273148
A8C2B5,CCCCCCCCCCCCCCNC(=O)C(CCCCCOC(=O)\C=C\CCCCCCC)NCCCN(CCCC)CCCC,9.63340693
A8C3B5,CCCCCCCCCCCCCCCCNC(=O)C(CCCCCOC(=O)\C=C\CCCCCCC)NCCCN(CCCC)CCCC,7.750537139
A2C5B5,CCCCCCCC\C=C/CCCCCCCCNC(=O)C(CCCCCOC(=O)\C=C\CCCCCCC)NCCCN1CCCC1,8.4064438
A2C4B5,CCCCCCCCCCCCCCCCCCNC(=O)C(CCCCCOC(=O)\C=C\CCCCCCC)NCCCN1CCCC1,5.629148094
A2C1B5,CCCCCCCCCCCCNC(=O)C(CCCCCOC(=O)\C=C\CCCCCCC)NCCCN1CCCC1,3.825723494
A2C2B5,CCCCCCCCCCCCCCNC(=O)C(CCCCCOC(=O)\C=C\CCCCCCC)NCCCN1CCCC1,5.632035854
A2C3B5,CCCCCCCCCCCCCCCCNC(=O)C(CCCCCOC(=O)\C=C\CCCCCCC)NCCCN1CCCC1,3.354518893
A7C5B5,CCCCCCCC\C=C/CCCCCCCCNC(=O)C(CCCCCOC(=O)\C=C\CCCCCCC)NCCCN1CCOCC1,9.955790358
A7C4B5,CCCCCCCCCCCCCCCCCCNC(=O)C(CCCCCOC(=O)\C=C\CCCCCCC)NCCCN1CCOCC1,6.359133147
A7C1B5,CCCCCCCCCCCCNC(=O)C(CCCCCOC(=O)\C=C\CCCCCCC)NCCCN1CCOCC1,5.035019414
A7C2B5,CCCCCCCCCCCCCCNC(=O)C(CCCCCOC(=O)\C=C\CCCCCCC)NCCCN1CCOCC1,7.389289646
A7C3B5,CCCCCCCCCCCCCCCCNC(=O)C(CCCCCOC(=O)\C=C\CCCCCCC)NCCCN1CCOCC1,5.434742699
A4C5B5,CCCCCCCC\C=C/CCCCCCCCNC(=O)C(CCCCCOC(=O)\C=C\CCCCCCC)NCCN(CC)CC,6.826615239
A4C4B5,CCCCCCCCCCCCCCCCCCNC(=O)C(CCCCCOC(=O)\C=C\CCCCCCC)NCCN(CC)CC,3.456971038
A4C1B5,CCCCCCCCCCCCNC(=O)C(CCCCCOC(=O)\C=C\CCCCCCC)NCCN(CC)CC,2.956680962
A4C2B5,CCCCCCCCCCCCCCNC(=O)C(CCCCCOC(=O)\C=C\CCCCCCC)NCCN(CC)CC,5.796251473
A4C3B5,CCCCCCCCCCCCCCCCNC(=O)C(CCCCCOC(=O)\C=C\CCCCCCC)NCCN(CC)CC,2.038122984
A11C5B5,CCCCCCCC\C=C/CCCCCCCCNC(=O)C(CCCCCOC(=O)\C=C\CCCCCCC)NN1CCOCC1,7.790076931
A11C4B5,CCCCCCCCCCCCCCCCCCNC(=O)C(CCCCCOC(=O)\C=C\CCCCCCC)NN1CCOCC1,6.717436626
A11C1B5,CCCCCCCCCCCCNC(=O)C(CCCCCOC(=O)\C=C\CCCCCCC)NN1CCOCC1,8.263141486
A11C2B5,CCCCCCCCCCCCCCNC(=O)C(CCCCCOC(=O)\C=C\CCCCCCC)NN1CCOCC1,7.416663976
A11C3B5,CCCCCCCCCCCCCCCCNC(=O)C(CCCCCOC(=O)\C=C\CCCCCCC)NN1CCOCC1,6.729530195
A12C5B5,CCCCCCCC\C=C/CCCCCCCCNC(=O)C(CCCCCOC(=O)\C=C\CCCCCCC)NC1CCN(C)CC1,7.552028611
A12C4B5,CCCCCCCCCCCCCCCCCCNC(=O)C(CCCCCOC(=O)\C=C\CCCCCCC)NC1CCN(C)CC1,6.944377417
A12C1B5,CCCCCCCCCCCCNC(=O)C(CCCCCOC(=O)\C=C\CCCCCCC)NC1CCN(C)CC1,7.80903508
A12C2B5,CCCCCCCCCCCCCCNC(=O)C(CCCCCOC(=O)\C=C\CCCCCCC)NC1CCN(C)CC1,6.394677782
A12C3B5,CCCCCCCCCCCCCCCCNC(=O)C(CCCCCOC(=O)\C=C\CCCCCCC)NC1CCN(C)CC1,6.863234931
A14C5B5,CCCCCCCC\C=C/CCCCCCCCNC(=O)C(CCCCCOC(=O)\C=C\CCCCCCC)NC1=CNN=C1,7.160291641
A14C4B5,CCCCCCCCCCCCCCCCCCNC(=O)C(CCCCCOC(=O)\C=C\CCCCCCC)NC1=CNN=C1,6.222008979
A14C1B5,CCCCCCCCCCCCNC(=O)C(CCCCCOC(=O)\C=C\CCCCCCC)NC1=CNN=C1,7.645900096
A14C2B5,CCCCCCCCCCCCCCNC(=O)C(CCCCCOC(=O)\C=C\CCCCCCC)NC1=CNN=C1,6.667698136
A14C3B5,CCCCCCCCCCCCCCCCNC(=O)C(CCCCCOC(=O)\C=C\CCCCCCC)NC1=CNN=C1,6.184788923
A9C5B5,CCCCCCCC\C=C/CCCCCCCCNC(=O)C(CCCCCOC(=O)\C=C\CCCCCCC)NC1=CC(C)=NN1C,7.482807957
A9C4B5,CCCCCCCCCCCCCCCCCCNC(=O)C(CCCCCOC(=O)\C=C\CCCCCCC)NC1=CC(C)=NN1C,6.57892897
A9C1B5,CCCCCCCCCCCCNC(=O)C(CCCCCOC(=O)\C=C\CCCCCCC)NC1=CC(C)=NN1C,4.991844979
A9C2B5,CCCCCCCCCCCCCCNC(=O)C(CCCCCOC(=O)\C=C\CCCCCCC)NC1=CC(C)=NN1C,7.20742641
A9C3B5,CCCCCCCCCCCCCCCCNC(=O)C(CCCCCOC(=O)\C=C\CCCCCCC)NC1=CC(C)=NN1C,6.325737728
A13C5B5,CCCCCCCC\C=C/CCCCCCCCNC(=O)C(CCCCCOC(=O)\C=C\CCCCCCC)NN1CCCCC1,7.78844646
A13C4B5,CCCCCCCCCCCCCCCCCCNC(=O)C(CCCCCOC(=O)\C=C\CCCCCCC)NN1CCCCC1,6.446527001
A13C1B5,CCCCCCCCCCCCNC(=O)C(CCCCCOC(=O)\C=C\CCCCCCC)NN1CCCCC1,7.8815543
A13C2B5,CCCCCCCCCCCCCCNC(=O)C(CCCCCOC(=O)\C=C\CCCCCCC)NN1CCCCC1,6.998670821
A13C3B5,CCCCCCCCCCCCCCCCNC(=O)C(CCCCCOC(=O)\C=C\CCCCCCC)NN1CCCCC1,6.513467761
A5C5B5,CCCCCCCC\C=C/CCCCCCCCNC(=O)C(CCCCCOC(=O)\C=C\CCCCCCC)NCCN(CCN)CCN,8.958872283
A5C4B5,CCCCCCCCCCCCCCCCCCNC(=O)C(CCCCCOC(=O)\C=C\CCCCCCC)NCCN(CCN)CCN,5.773180892
A5C1B5,CCCCCCCCCCCCNC(=O)C(CCCCCOC(=O)\C=C\CCCCCCC)NCCN(CCN)CCN,4.901557831
A5C2B5,CCCCCCCCCCCCCCNC(=O)C(CCCCCOC(=O)\C=C\CCCCCCC)NCCN(CCN)CCN,5.93905781
A5C3B5,CCCCCCCCCCCCCCCCNC(=O)C(CCCCCOC(=O)\C=C\CCCCCCC)NCCN(CCN)CCN,5.099278707
A10C5B5,CCCCCCCC\C=C/CCCCCCCCNC(=O)C(CCCCCOC(=O)\C=C\CCCCCCC)NCCN1CCCC1,9.510022359
A10C4B5,CCCCCCCCCCCCCCCCCCNC(=O)C(CCCCCOC(=O)\C=C\CCCCCCC)NCCN1CCCC1,6.956651379
A10C1B5,CCCCCCCCCCCCNC(=O)C(CCCCCOC(=O)\C=C\CCCCCCC)NCCN1CCCC1,8.116594304
A10C2B5,CCCCCCCCCCCCCCNC(=O)C(CCCCCOC(=O)\C=C\CCCCCCC)NCCN1CCCC1,8.252031656
A10C3B5,CCCCCCCCCCCCCCCCNC(=O)C(CCCCCOC(=O)\C=C\CCCCCCC)NCCN1CCCC1,6.826053619
A15C5B5,CCCCCCCC\C=C/CCCCCCCCNC(=O)C(CCCCCOC(=O)\C=C\CCCCCCC)NCCN1CCCCC1,8.62388149
A15C4B5,CCCCCCCCCCCCCCCCCCNC(=O)C(CCCCCOC(=O)\C=C\CCCCCCC)NCCN1CCCCC1,7.748319939
A15C1B5,CCCCCCCCCCCCNC(=O)C(CCCCCOC(=O)\C=C\CCCCCCC)NCCN1CCCCC1,8.745211289
A15C2B5,CCCCCCCCCCCCCCNC(=O)C(CCCCCOC(=O)\C=C\CCCCCCC)NCCN1CCCCC1,8.016389411
A15C3B5,CCCCCCCCCCCCCCCCNC(=O)C(CCCCCOC(=O)\C=C\CCCCCCC)NCCN1CCCCC1,7.762649119
A16C5B5,CCCCCCCC\C=C/CCCCCCCCNC(=O)C(CCCCCOC(=O)\C=C\CCCCCCC)NCCN(C(C)C)C(C)C,8.2772874
A16C4B5,CCCCCCCCCCCCCCCCCCNC(=O)C(CCCCCOC(=O)\C=C\CCCCCCC)NCCN(C(C)C)C(C)C,5.762486989
A16C1B5,CCCCCCCCCCCCNC(=O)C(CCCCCOC(=O)\C=C\CCCCCCC)NCCN(C(C)C)C(C)C,8.358260098
A16C2B5,CCCCCCCCCCCCCCNC(=O)C(CCCCCOC(=O)\C=C\CCCCCCC)NCCN(C(C)C)C(C)C,8.171377603
A16C3B5,CCCCCCCCCCCCCCCCNC(=O)C(CCCCCOC(=O)\C=C\CCCCCCC)NCCN(C(C)C)C(C)C,6.089253739
