Lipid,Isometry,SMILES,Target
A17C5B4,C+T,CCCCCCCC\C=C/CCCCCCCCNC(=O)C(CCCCCOC(=O)\C=C\CCCCCCC)NCCCN(C)CCCN + CCCCCCCC\C=C/CCCCCCCCNC(=O)C(CCCCCOC(=O)\C=C/CCCCCCC)NCCCN(C)CCCN,0.849308129
A17C5B5,,CCCCCCCC\C=C/CCCCCCCCNC(=O)C(CCCCCOC(=O)\C=C\CCCCCCC)NCCCN(C)CCCN,1.536841815
A17C4B5,,CCCCCCCCCCCCCCCCCCNC(=O)C(CCCCCOC(=O)\C=C\CCCCCCC)NCCCN(C)CCCN,-0.681273244
A17C4B4,C+T,CCCCCCCCCCCCCCCCCCNC(=O)C(CCCCCOC(=O)\C=C\CCCCCCC)NCCCN(C)CCCN + CCCCCCCCCCCCCCCCCCNC(=O)C(CCCCCOC(=O)\C=C/CCCCCCC)NCCCN(C)CCCN,0.841559656
A17C1B5,,CCCCCCCCCCCCNC(=O)C(CCCCCOC(=O)\C=C\CCCCCCC)NCCCN(C)CCCN,0.425953486
A17C1B4,C+T,CCCCCCCCCCCCNC(=O)C(CCCCCOC(=O)\C=C\CCCCCCC)NCCCN(C)CCCN + CCCCCCCCCCCCNC(=O)C(CCCCCOC(=O)\C=C/CCCCCCC)NCCCN(C)CCCN,0.437615466
A17C2B5,,CCCCCCCCCCCCCCNC(=O)C(CCCCCOC(=O)\C=C\CCCCCCC)NCCCN(C)CCCN,0.905212523
A17C2B4,C+T,CCCCCCCCCCCCCCNC(=O)C(CCCCCOC(=O)\C=C\CCCCCCC)NCCCN(C)CCCN + CCCCCCCCCCCCCCNC(=O)C(CCCCCOC(=O)\C=C/CCCCCCC)NCCCN(C)CCCN,1.321505693
A17C3B4,C+T,CCCCCCCCCCCCCCCCNC(=O)C(CCCCCOC(=O)\C=C\CCCCCCC)NCCCN(C)CCCN + CCCCCCCCCCCCCCCCNC(=O)C(CCCCCOC(=O)\C=C/CCCCCCC)NCCCN(C)CCCN,0.21552369
A17C3B5,,CCCCCCCCCCCCCCCCNC(=O)C(CCCCCOC(=O)\C=C\CCCCCCC)NCCCN(C)CCCN,1.616591146
A18C5B5,,CCCCCCCC\C=C/CCCCCCCCNC(=O)C(CCCCCOC(=O)\C=C\CCCCCCC)NCC1CCCN1CC,1.671171348
A18C5B4,C+T,CCCCCCCC\C=C/CCCCCCCCNC(=O)C(CCCCCOC(=O)\C=C\CCCCCCC)NCC1CCCN1CC + CCCCCCCC\C=C/CCCCCCCCNC(=O)C(CCCCCOC(=O)\C=C/CCCCCCC)NCC1CCCN1CC,1.805194465
A18C4B5,,CCCCCCCCCCCCCCCCCCNC(=O)C(CCCCCOC(=O)\C=C\CCCCCCC)NCC1CCCN1CC,1.337707443
A18C4B4,C+T,CCCCCCCCCCCCCCCCCCNC(=O)C(CCCCCOC(=O)\C=C\CCCCCCC)NCC1CCCN1CC + CCCCCCCCCCCCCCCCCCNC(=O)C(CCCCCOC(=O)\C=C/CCCCCCC)NCC1CCCN1CC,1.55733393
A18C1B4,C+T,CCCCCCCCCCCCNC(=O)C(CCCCCOC(=O)\C=C\CCCCCCC)NCC1CCCN1CC + CCCCCCCCCCCCNC(=O)C(CCCCCOC(=O)\C=C/CCCCCCC)NCC1CCCN1CC,0.595517308
A18C1B5,,CCCCCCCCCCCCNC(=O)C(CCCCCOC(=O)\C=C\CCCCCCC)NCC1CCCN1CC,0.70745091
A18C2B5,,CCCCCCCCCCCCCCNC(=O)C(CCCCCOC(=O)\C=C\CCCCCCC)NCC1CCCN1CC,-0.51536883
A18C2B4,C+T,CCCCCCCCCCCCCCNC(=O)C(CCCCCOC(=O)\C=C\CCCCCCC)NCC1CCCN1CC + CCCCCCCCCCCCCCNC(=O)C(CCCCCOC(=O)\C=C/CCCCCCC)NCC1CCCN1CC,1.388597429
A18C3B5,,CCCCCCCCCCCCCCCCNC(=O)C(CCCCCOC(=O)\C=C\CCCCCCC)NCC1CCCN1CC,1.733178627
A18C3B4,C+T,CCCCCCCCCCCCCCCCNC(=O)C(CCCCCOC(=O)\C=C\CCCCCCC)NCC1CCCN1CC + CCCCCCCCCCCCCCCCNC(=O)C(CCCCCOC(=O)\C=C/CCCCCCC)NCC1CCCN1CC,1.85556154
A19C5B4,C+T,CCCCCCCC\C=C/CCCCCCCCNC(=O)C(CCCCCOC(=O)\C=C\CCCCCCC)NCCN1CCNCC1 + CCCCCCCC\C=C/CCCCCCCCNC(=O)C(CCCCCOC(=O)\C=C/CCCCCCC)NCCN1CCNCC1,0.699245583
A19C5B5,,CCCCCCCC\C=C/CCCCCCCCNC(=O)C(CCCCCOC(=O)\C=C\CCCCCCC)NCCN1CCNCC1,0.949801548
A19C4B4,C+T,CCCCCCCCCCCCCCCCCCNC(=O)C(CCCCCOC(=O)\C=C\CCCCCCC)NCCN1CCNCC1 + CCCCCCCCCCCCCCCCCCNC(=O)C(CCCCCOC(=O)\C=C/CCCCCCC)NCCN1CCNCC1,0.155504111
A19C4B5,,CCCCCCCCCCCCCCCCCCNC(=O)C(CCCCCOC(=O)\C=C\CCCCCCC)NCCN1CCNCC1,0.84361722
A19C1B5,,CCCCCCCCCCCCNC(=O)C(CCCCCOC(=O)\C=C\CCCCCCC)NCCN1CCNCC1,0.453967636
A19C1B4,C+T,CCCCCCCCCCCCNC(=O)C(CCCCCOC(=O)\C=C\CCCCCCC)NCCN1CCNCC1 + CCCCCCCCCCCCNC(=O)C(CCCCCOC(=O)\C=C/CCCCCCC)NCCN1CCNCC1,1.393585949
A19C2B4,C+T,CCCCCCCCCCCCCCNC(=O)C(CCCCCOC(=O)\C=C\CCCCCCC)NCCN1CCNCC1 + CCCCCCCCCCCCCCNC(=O)C(CCCCCOC(=O)\C=C/CCCCCCC)NCCN1CCNCC1,1.238749719
A19C2B5,,CCCCCCCCCCCCCCNC(=O)C(CCCCCOC(=O)\C=C\CCCCCCC)NCCN1CCNCC1,1.722619278
A19C3B5,,CCCCCCCCCCCCCCCCNC(=O)C(CCCCCOC(=O)\C=C\CCCCCCC)NCCN1CCNCC1,0.186366536
A19C3B4,C+T,CCCCCCCCCCCCCCCCNC(=O)C(CCCCCOC(=O)\C=C\CCCCCCC)NCCN1CCNCC1 + CCCCCCCCCCCCCCCCNC(=O)C(CCCCCOC(=O)\C=C/CCCCCCC)NCCN1CCNCC1,0.440184144
A20C5B5,,CCCCCCCC\C=C/CCCCCCCCNC(=O)C(CCCCCOC(=O)\C=C\CCCCCCC)NC1CCNCC1,1.999103804
A20C5B4,C+T,CCCCCCCC\C=C/CCCCCCCCNC(=O)C(CCCCCOC(=O)\C=C\CCCCCCC)NC1CCNCC1 + CCCCCCCC\C=C/CCCCCCCCNC(=O)C(CCCCCOC(=O)\C=C/CCCCCCC)NC1CCNCC1,3.250282026
A20C4B4,C+T,CCCCCCCCCCCCCCCCCCNC(=O)C(CCCCCOC(=O)\C=C\CCCCCCC)NC1CCNCC1 + CCCCCCCCCCCCCCCCCCNC(=O)C(CCCCCOC(=O)\C=C/CCCCCCC)NC1CCNCC1,-0.016389167
A20C4B5,,CCCCCCCCCCCCCCCCCCNC(=O)C(CCCCCOC(=O)\C=C\CCCCCCC)NC1CCNCC1,0.618795417
A20C1B4,C+T,CCCCCCCCCCCCNC(=O)C(CCCCCOC(=O)\C=C\CCCCCCC)NC1CCNCC1 + CCCCCCCCCCCCNC(=O)C(CCCCCOC(=O)\C=C/CCCCCCC)NC1CCNCC1,0.951349302
A20C1B5,,CCCCCCCCCCCCNC(=O)C(CCCCCOC(=O)\C=C\CCCCCCC)NC1CCNCC1,1.403511538
A20C2B4,C+T,CCCCCCCCCCCCCCNC(=O)C(CCCCCOC(=O)\C=C\CCCCCCC)NC1CCNCC1 + CCCCCCCCCCCCCCNC(=O)C(CCCCCOC(=O)\C=C/CCCCCCC)NC1CCNCC1,0.24022891
A20C2B5,,CCCCCCCCCCCCCCNC(=O)C(CCCCCOC(=O)\C=C\CCCCCCC)NC1CCNCC1,1.378835017
A20C3B5,,CCCCCCCCCCCCCCCCNC(=O)C(CCCCCOC(=O)\C=C\CCCCCCC)NC1CCNCC1,0.715591943
A20C3B4,C+T,CCCCCCCCCCCCCCCCNC(=O)C(CCCCCOC(=O)\C=C\CCCCCCC)NC1CCNCC1 + CCCCCCCCCCCCCCCCNC(=O)C(CCCCCOC(=O)\C=C/CCCCCCC)NC1CCNCC1,3.347588331
A1C5B4,C+T,CCCCCCCC\C=C/CCCCCCCCNC(=O)C(CCCCCOC(=O)\C=C\CCCCCCC)NCCN(C)C + CCCCCCCC\C=C/CCCCCCCCNC(=O)C(CCCCCOC(=O)\C=C/CCCCCCC)NCCN(C)C,7.41897078
A1C5B5,,CCCCCCCC\C=C/CCCCCCCCNC(=O)C(CCCCCOC(=O)\C=C\CCCCCCC)NCCN(C)C,7.780407475
A1C4B5,,CCCCCCCCCCCCCCCCCCNC(=O)C(CCCCCOC(=O)\C=C\CCCCCCC)NCCN(C)C,5.480848234
A1C4B4,C+T,CCCCCCCCCCCCCCCCCCNC(=O)C(CCCCCOC(=O)\C=C\CCCCCCC)NCCN(C)C + CCCCCCCCCCCCCCCCCCNC(=O)C(CCCCCOC(=O)\C=C/CCCCCCC)NCCN(C)C,6.03459925
A1C1B4,C+T,CCCCCCCCCCCCNC(=O)C(CCCCCOC(=O)\C=C\CCCCCCC)NCCN(C)C + CCCCCCCCCCCCNC(=O)C(CCCCCOC(=O)\C=C/CCCCCCC)NCCN(C)C,0.997244135
A1C1B5,,CCCCCCCCCCCCNC(=O)C(CCCCCOC(=O)\C=C\CCCCCCC)NCCN(C)C,2.623001862
A1C2B5,,CCCCCCCCCCCCCCNC(=O)C(CCCCCOC(=O)\C=C\CCCCCCC)NCCN(C)C,4.130049205
A1C2B4,C+T,CCCCCCCCCCCCCCNC(=O)C(CCCCCOC(=O)\C=C\CCCCCCC)NCCN(C)C + CCCCCCCCCCCCCCNC(=O)C(CCCCCOC(=O)\C=C/CCCCCCC)NCCN(C)C,4.272314979
A1C3B4,C+T,CCCCCCCCCCCCCCCCNC(=O)C(CCCCCOC(=O)\C=C\CCCCCCC)NCCN(C)C + CCCCCCCCCCCCCCCCNC(=O)C(CCCCCOC(=O)\C=C/CCCCCCC)NCCN(C)C,0.760325004
A1C3B5,,CCCCCCCCCCCCCCCCNC(=O)C(CCCCCOC(=O)\C=C\CCCCCCC)NCCN(C)C,2.907378033
A6C5B4,C+T,CCCCCCCC\C=C/CCCCCCCCNC(=O)C(CCCCCOC(=O)\C=C\CCCCCCC)NCCCN(C)C + CCCCCCCC\C=C/CCCCCCCCNC(=O)C(CCCCCOC(=O)\C=C/CCCCCCC)NCCCN(C)C,8.360831062
A6C5B5,,CCCCCCCC\C=C/CCCCCCCCNC(=O)C(CCCCCOC(=O)\C=C\CCCCCCC)NCCCN(C)C,9.97974855
A6C4B4,C+T,CCCCCCCCCCCCCCCCCCNC(=O)C(CCCCCOC(=O)\C=C\CCCCCCC)NCCCN(C)C + CCCCCCCCCCCCCCCCCCNC(=O)C(CCCCCOC(=O)\C=C/CCCCCCC)NCCCN(C)C,5.446606875
A6C4B5,,CCCCCCCCCCCCCCCCCCNC(=O)C(CCCCCOC(=O)\C=C\CCCCCCC)NCCCN(C)C,6.10380965
A6C1B4,C+T,CCCCCCCCCCCCNC(=O)C(CCCCCOC(=O)\C=C\CCCCCCC)NCCCN(C)C + CCCCCCCCCCCCNC(=O)C(CCCCCOC(=O)\C=C/CCCCCCC)NCCCN(C)C,5.048892393
A6C1B5,,CCCCCCCCCCCCNC(=O)C(CCCCCOC(=O)\C=C\CCCCCCC)NCCCN(C)C,6.035858923
A6C2B4,C+T,CCCCCCCCCCCCCCNC(=O)C(CCCCCOC(=O)\C=C\CCCCCCC)NCCCN(C)C + CCCCCCCCCCCCCCNC(=O)C(CCCCCOC(=O)\C=C/CCCCCCC)NCCCN(C)C,6.792252326
A6C2B5,,CCCCCCCCCCCCCCNC(=O)C(CCCCCOC(=O)\C=C\CCCCCCC)NCCCN(C)C,7.201085909
A6C3B4,C+T,CCCCCCCCCCCCCCCCNC(=O)C(CCCCCOC(=O)\C=C\CCCCCCC)NCCCN(C)C + CCCCCCCCCCCCCCCCNC(=O)C(CCCCCOC(=O)\C=C/CCCCCCC)NCCCN(C)C,4.253758652
A6C3B5,,CCCCCCCCCCCCCCCCNC(=O)C(CCCCCOC(=O)\C=C\CCCCCCC)NCCCN(C)C,6.199970655
A3C5B4,C+T,CCCCCCCC\C=C/CCCCCCCCNC(=O)C(CCCCCOC(=O)\C=C\CCCCCCC)NCCCN(CC)CC + CCCCCCCC\C=C/CCCCCCCCNC(=O)C(CCCCCOC(=O)\C=C/CCCCCCC)NCCCN(CC)CC,6.840961833
A3C5B5,,CCCCCCCC\C=C/CCCCCCCCNC(=O)C(CCCCCOC(=O)\C=C\CCCCCCC)NCCCN(CC)CC,7.822855194
A3C4B4,C+T,CCCCCCCCCCCCCCCCCCNC(=O)C(CCCCCOC(=O)\C=C\CCCCCCC)NCCCN(CC)CC + CCCCCCCCCCCCCCCCCCNC(=O)C(CCCCCOC(=O)\C=C/CCCCCCC)NCCCN(CC)CC,5.812808802
A3C4B5,,CCCCCCCCCCCCCCCCCCNC(=O)C(CCCCCOC(=O)\C=C\CCCCCCC)NCCCN(CC)CC,7.028478111
A3C1B5,,CCCCCCCCCCCCNC(=O)C(CCCCCOC(=O)\C=C\CCCCCCC)NCCCN(CC)CC,3.113781923
A3C1B4,C+T,CCCCCCCCCCCCNC(=O)C(CCCCCOC(=O)\C=C\CCCCCCC)NCCCN(CC)CC + CCCCCCCCCCCCNC(=O)C(CCCCCOC(=O)\C=C/CCCCCCC)NCCCN(CC)CC,4.733726911
A3C2B4,C+T,CCCCCCCCCCCCCCNC(=O)C(CCCCCOC(=O)\C=C\CCCCCCC)NCCCN(CC)CC + CCCCCCCCCCCCCCNC(=O)C(CCCCCOC(=O)\C=C/CCCCCCC)NCCCN(CC)CC,4.700292918
A3C2B5,,CCCCCCCCCCCCCCNC(=O)C(CCCCCOC(=O)\C=C\CCCCCCC)NCCCN(CC)CC,5.297307764
A3C3B4,C+T,CCCCCCCCCCCCCCCCNC(=O)C(CCCCCOC(=O)\C=C\CCCCCCC)NCCCN(CC)CC + CCCCCCCCCCCCCCCCNC(=O)C(CCCCCOC(=O)\C=C/CCCCCCC)NCCCN(CC)CC,0.89566207
A3C3B5,,CCCCCCCCCCCCCCCCNC(=O)C(CCCCCOC(=O)\C=C\CCCCCCC)NCCCN(CC)CC,2.793663933
A8C5B4,C+T,CCCCCCCC\C=C/CCCCCCCCNC(=O)C(CCCCCOC(=O)\C=C\CCCCCCC)NCCCN(CCCC)CCCC + CCCCCCCC\C=C/CCCCCCCCNC(=O)C(CCCCCOC(=O)\C=C/CCCCCCC)NCCCN(CCCC)CCCC,10.2359389
A8C5B5,,CCCCCCCC\C=C/CCCCCCCCNC(=O)C(CCCCCOC(=O)\C=C\CCCCCCC)NCCCN(CCCC)CCCC,12.911927
A8C4B5,,CCCCCCCCCCCCCCCCCCNC(=O)C(CCCCCOC(=O)\C=C\CCCCCCC)NCCCN(CCCC)CCCC,5.379663731
A8C4B4,C+T,CCCCCCCCCCCCCCCCCCNC(=O)C(CCCCCOC(=O)\C=C\CCCCCCC)NCCCN(CCCC)CCCC + CCCCCCCCCCCCCCCCCCNC(=O)C(CCCCCOC(=O)\C=C/CCCCCCC)NCCCN(CCCC)CCCC,6.313550042
A8C1B4,C+T,CCCCCCCCCCCCNC(=O)C(CCCCCOC(=O)\C=C\CCCCCCC)NCCCN(CCCC)CCCC + CCCCCCCCCCCCNC(=O)C(CCCCCOC(=O)\C=C/CCCCCCC)NCCCN(CCCC)CCCC,2.519246096
A8C1B5,,CCCCCCCCCCCCNC(=O)C(CCCCCOC(=O)\C=C\CCCCCCC)NCCCN(CCCC)CCCC,6.921273148
A8C2B4,C+T,CCCCCCCCCCCCCCNC(=O)C(CCCCCOC(=O)\C=C\CCCCCCC)NCCCN(CCCC)CCCC + CCCCCCCCCCCCCCNC(=O)C(CCCCCOC(=O)\C=C/CCCCCCC)NCCCN(CCCC)CCCC,6.021042383
A8C2B5,,CCCCCCCCCCCCCCNC(=O)C(CCCCCOC(=O)\C=C\CCCCCCC)NCCCN(CCCC)CCCC,9.63340693
A8C3B4,C+T,CCCCCCCCCCCCCCCCNC(=O)C(CCCCCOC(=O)\C=C\CCCCCCC)NCCCN(CCCC)CCCC + CCCCCCCCCCCCCCCCNC(=O)C(CCCCCOC(=O)\C=C/CCCCCCC)NCCCN(CCCC)CCCC,3.371588285
A8C3B5,,CCCCCCCCCCCCCCCCNC(=O)C(CCCCCOC(=O)\C=C\CCCCCCC)NCCCN(CCCC)CCCC,7.750537139
A2C5B4,C+T,CCCCCCCC\C=C/CCCCCCCCNC(=O)C(CCCCCOC(=O)\C=C\CCCCCCC)NCCCN1CCCC1 + CCCCCCCC\C=C/CCCCCCCCNC(=O)C(CCCCCOC(=O)\C=C/CCCCCCC)NCCCN1CCCC1,7.445550341
A2C5B5,,CCCCCCCC\C=C/CCCCCCCCNC(=O)C(CCCCCOC(=O)\C=C\CCCCCCC)NCCCN1CCCC1,8.4064438
A2C4B5,,CCCCCCCCCCCCCCCCCCNC(=O)C(CCCCCOC(=O)\C=C\CCCCCCC)NCCCN1CCCC1,5.629148094
A2C4B4,C+T,CCCCCCCCCCCCCCCCCCNC(=O)C(CCCCCOC(=O)\C=C\CCCCCCC)NCCCN1CCCC1 + CCCCCCCCCCCCCCCCCCNC(=O)C(CCCCCOC(=O)\C=C/CCCCCCC)NCCCN1CCCC1,6.876420437
A2C1B4,C+T,CCCCCCCCCCCCNC(=O)C(CCCCCOC(=O)\C=C\CCCCCCC)NCCCN1CCCC1 + CCCCCCCCCCCCNC(=O)C(CCCCCOC(=O)\C=C/CCCCCCC)NCCCN1CCCC1,2.34161643
A2C1B5,,CCCCCCCCCCCCNC(=O)C(CCCCCOC(=O)\C=C\CCCCCCC)NCCCN1CCCC1,3.825723494
A2C2B4,C+T,CCCCCCCCCCCCCCNC(=O)C(CCCCCOC(=O)\C=C\CCCCCCC)NCCCN1CCCC1 + CCCCCCCCCCCCCCNC(=O)C(CCCCCOC(=O)\C=C/CCCCCCC)NCCCN1CCCC1,3.843328451
A2C2B5,,CCCCCCCCCCCCCCNC(=O)C(CCCCCOC(=O)\C=C\CCCCCCC)NCCCN1CCCC1,5.632035854
A2C3B4,C+T,CCCCCCCCCCCCCCCCNC(=O)C(CCCCCOC(=O)\C=C\CCCCCCC)NCCCN1CCCC1 + CCCCCCCCCCCCCCCCNC(=O)C(CCCCCOC(=O)\C=C/CCCCCCC)NCCCN1CCCC1,0.924876855
A2C3B5,,CCCCCCCCCCCCCCCCNC(=O)C(CCCCCOC(=O)\C=C\CCCCCCC)NCCCN1CCCC1,3.354518893
A7C5B4,C+T,CCCCCCCC\C=C/CCCCCCCCNC(=O)C(CCCCCOC(=O)\C=C\CCCCCCC)NCCCN1CCOCC1 + CCCCCCCC\C=C/CCCCCCCCNC(=O)C(CCCCCOC(=O)\C=C/CCCCCCC)NCCCN1CCOCC1,7.90787487
A7C5B5,,CCCCCCCC\C=C/CCCCCCCCNC(=O)C(CCCCCOC(=O)\C=C\CCCCCCC)NCCCN1CCOCC1,9.955790358
A7C4B4,C+T,CCCCCCCCCCCCCCCCCCNC(=O)C(CCCCCOC(=O)\C=C\CCCCCCC)NCCCN1CCOCC1 + CCCCCCCCCCCCCCCCCCNC(=O)C(CCCCCOC(=O)\C=C/CCCCCCC)NCCCN1CCOCC1,6.123989646
A7C4B5,,CCCCCCCCCCCCCCCCCCNC(=O)C(CCCCCOC(=O)\C=C\CCCCCCC)NCCCN1CCOCC1,6.359133147
A7C1B4,C+T,CCCCCCCCCCCCNC(=O)C(CCCCCOC(=O)\C=C\CCCCCCC)NCCCN1CCOCC1 + CCCCCCCCCCCCNC(=O)C(CCCCCOC(=O)\C=C/CCCCCCC)NCCCN1CCOCC1,4.86480047
A7C1B5,,CCCCCCCCCCCCNC(=O)C(CCCCCOC(=O)\C=C\CCCCCCC)NCCCN1CCOCC1,5.035019414
A7C2B4,C+T,CCCCCCCCCCCCCCNC(=O)C(CCCCCOC(=O)\C=C\CCCCCCC)NCCCN1CCOCC1 + CCCCCCCCCCCCCCNC(=O)C(CCCCCOC(=O)\C=C/CCCCCCC)NCCCN1CCOCC1,5.864108166
A7C2B5,,CCCCCCCCCCCCCCNC(=O)C(CCCCCOC(=O)\C=C\CCCCCCC)NCCCN1CCOCC1,7.389289646
A7C3B4,C+T,CCCCCCCCCCCCCCCCNC(=O)C(CCCCCOC(=O)\C=C\CCCCCCC)NCCCN1CCOCC1 + CCCCCCCCCCCCCCCCNC(=O)C(CCCCCOC(=O)\C=C/CCCCCCC)NCCCN1CCOCC1,3.868687491
A7C3B5,,CCCCCCCCCCCCCCCCNC(=O)C(CCCCCOC(=O)\C=C\CCCCCCC)NCCCN1CCOCC1,5.434742699
A4C5B4,C+T,CCCCCCCC\C=C/CCCCCCCCNC(=O)C(CCCCCOC(=O)\C=C\CCCCCCC)NCCN(CC)CC + CCCCCCCC\C=C/CCCCCCCCNC(=O)C(CCCCCOC(=O)\C=C/CCCCCCC)NCCN(CC)CC,5.529383336
A4C5B5,,CCCCCCCC\C=C/CCCCCCCCNC(=O)C(CCCCCOC(=O)\C=C\CCCCCCC)NCCN(CC)CC,6.826615239
A4C4B5,,CCCCCCCCCCCCCCCCCCNC(=O)C(CCCCCOC(=O)\C=C\CCCCCCC)NCCN(CC)CC,3.456971038
A4C4B4,C+T,CCCCCCCCCCCCCCCCCCNC(=O)C(CCCCCOC(=O)\C=C\CCCCCCC)NCCN(CC)CC + CCCCCCCCCCCCCCCCCCNC(=O)C(CCCCCOC(=O)\C=C/CCCCCCC)NCCN(CC)CC,6.072279846
A4C1B5,,CCCCCCCCCCCCNC(=O)C(CCCCCOC(=O)\C=C\CCCCCCC)NCCN(CC)CC,2.956680962
A4C1B4,C+T,CCCCCCCCCCCCNC(=O)C(CCCCCOC(=O)\C=C\CCCCCCC)NCCN(CC)CC + CCCCCCCCCCCCNC(=O)C(CCCCCOC(=O)\C=C/CCCCCCC)NCCN(CC)CC,4.869328943
A4C2B4,C+T,CCCCCCCCCCCCCCNC(=O)C(CCCCCOC(=O)\C=C\CCCCCCC)NCCN(CC)CC + CCCCCCCCCCCCCCNC(=O)C(CCCCCOC(=O)\C=C/CCCCCCC)NCCN(CC)CC,5.144953946
A4C2B5,,CCCCCCCCCCCCCCNC(=O)C(CCCCCOC(=O)\C=C\CCCCCCC)NCCN(CC)CC,5.796251473
A4C3B4,C+T,CCCCCCCCCCCCCCCCNC(=O)C(CCCCCOC(=O)\C=C\CCCCCCC)NCCN(CC)CC + CCCCCCCCCCCCCCCCNC(=O)C(CCCCCOC(=O)\C=C/CCCCCCC)NCCN(CC)CC,1.807079648
A4C3B5,,CCCCCCCCCCCCCCCCNC(=O)C(CCCCCOC(=O)\C=C\CCCCCCC)NCCN(CC)CC,2.038122984
A11C5B4,C+T,CCCCCCCC\C=C/CCCCCCCCNC(=O)C(CCCCCOC(=O)\C=C\CCCCCCC)NN1CCOCC1 + CCCCCCCC\C=C/CCCCCCCCNC(=O)C(CCCCCOC(=O)\C=C/CCCCCCC)NN1CCOCC1,6.351675438
A11C5B5,,CCCCCCCC\C=C/CCCCCCCCNC(=O)C(CCCCCOC(=O)\C=C\CCCCCCC)NN1CCOCC1,7.790076931
A11C4B4,C+T,CCCCCCCCCCCCCCCCCCNC(=O)C(CCCCCOC(=O)\C=C\CCCCCCC)NN1CCOCC1 + CCCCCCCCCCCCCCCCCCNC(=O)C(CCCCCOC(=O)\C=C/CCCCCCC)NN1CCOCC1,6.089948299
A11C4B5,,CCCCCCCCCCCCCCCCCCNC(=O)C(CCCCCOC(=O)\C=C\CCCCCCC)NN1CCOCC1,6.717436626
A11C1B4,C+T,CCCCCCCCCCCCNC(=O)C(CCCCCOC(=O)\C=C\CCCCCCC)NN1CCOCC1 + CCCCCCCCCCCCNC(=O)C(CCCCCOC(=O)\C=C/CCCCCCC)NN1CCOCC1,7.364280177
A11C1B5,,CCCCCCCCCCCCNC(=O)C(CCCCCOC(=O)\C=C\CCCCCCC)NN1CCOCC1,8.263141486
A11C2B4,C+T,CCCCCCCCCCCCCCNC(=O)C(CCCCCOC(=O)\C=C\CCCCCCC)NN1CCOCC1 + CCCCCCCCCCCCCCNC(=O)C(CCCCCOC(=O)\C=C/CCCCCCC)NN1CCOCC1,7.094320178
A11C2B5,,CCCCCCCCCCCCCCNC(=O)C(CCCCCOC(=O)\C=C\CCCCCCC)NN1CCOCC1,7.416663976
A11C3B4,C+T,CCCCCCCCCCCCCCCCNC(=O)C(CCCCCOC(=O)\C=C\CCCCCCC)NN1CCOCC1 + CCCCCCCCCCCCCCCCNC(=O)C(CCCCCOC(=O)\C=C/CCCCCCC)NN1CCOCC1,5.921473488
A11C3B5,,CCCCCCCCCCCCCCCCNC(=O)C(CCCCCOC(=O)\C=C\CCCCCCC)NN1CCOCC1,6.729530195
A12C5B4,C+T,CCCCCCCC\C=C/CCCCCCCCNC(=O)C(CCCCCOC(=O)\C=C\CCCCCCC)NC1CCN(C)CC1 + CCCCCCCC\C=C/CCCCCCCCNC(=O)C(CCCCCOC(=O)\C=C/CCCCCCC)NC1CCN(C)CC1,7.495855027
A12C5B5,,CCCCCCCC\C=C/CCCCCCCCNC(=O)C(CCCCCOC(=O)\C=C\CCCCCCC)NC1CCN(C)CC1,7.552028611
A12C4B4,C+T,CCCCCCCCCCCCCCCCCCNC(=O)C(CCCCCOC(=O)\C=C\CCCCCCC)NC1CCN(C)CC1 + CCCCCCCCCCCCCCCCCCNC(=O)C(CCCCCOC(=O)\C=C/CCCCCCC)NC1CCN(C)CC1,4.836360525
A12C4B5,,CCCCCCCCCCCCCCCCCCNC(=O)C(CCCCCOC(=O)\C=C\CCCCCCC)NC1CCN(C)CC1,6.944377417
A12C1B4,C+T,CCCCCCCCCCCCNC(=O)C(CCCCCOC(=O)\C=C\CCCCCCC)NC1CCN(C)CC1 + CCCCCCCCCCCCNC(=O)C(CCCCCOC(=O)\C=C/CCCCCCC)NC1CCN(C)CC1,7.367580607
A12C1B5,,CCCCCCCCCCCCNC(=O)C(CCCCCOC(=O)\C=C\CCCCCCC)NC1CCN(C)CC1,7.80903508
A12C2B4,C+T,CCCCCCCCCCCCCCNC(=O)C(CCCCCOC(=O)\C=C\CCCCCCC)NC1CCN(C)CC1 + CCCCCCCCCCCCCCNC(=O)C(CCCCCOC(=O)\C=C/CCCCCCC)NC1CCN(C)CC1,5.380828333
A12C2B5,,CCCCCCCCCCCCCCNC(=O)C(CCCCCOC(=O)\C=C\CCCCCCC)NC1CCN(C)CC1,6.394677782
A12C3B4,C+T,CCCCCCCCCCCCCCCCNC(=O)C(CCCCCOC(=O)\C=C\CCCCCCC)NC1CCN(C)CC1 + CCCCCCCCCCCCCCCCNC(=O)C(CCCCCOC(=O)\C=C/CCCCCCC)NC1CCN(C)CC1,4.67246775
A12C3B5,,CCCCCCCCCCCCCCCCNC(=O)C(CCCCCOC(=O)\C=C\CCCCCCC)NC1CCN(C)CC1,6.863234931
A14C5B4,C+T,CCCCCCCC\C=C/CCCCCCCCNC(=O)C(CCCCCOC(=O)\C=C\CCCCCCC)NC1=CNN=C1 + CCCCCCCC\C=C/CCCCCCCCNC(=O)C(CCCCCOC(=O)\C=C/CCCCCCC)NC1=CNN=C1,6.30833903
A14C5B5,,CCCCCCCC\C=C/CCCCCCCCNC(=O)C(CCCCCOC(=O)\C=C\CCCCCCC)NC1=CNN=C1,7.160291641
A14C4B4,C+T,CCCCCCCCCCCCCCCCCCNC(=O)C(CCCCCOC(=O)\C=C\CCCCCCC)NC1=CNN=C1 + CCCCCCCCCCCCCCCCCCNC(=O)C(CCCCCOC(=O)\C=C/CCCCCCC)NC1=CNN=C1,6.101084162
A14C4B5,,CCCCCCCCCCCCCCCCCCNC(=O)C(CCCCCOC(=O)\C=C\CCCCCCC)NC1=CNN=C1,6.222008979
A14C1B5,,CCCCCCCCCCCCNC(=O)C(CCCCCOC(=O)\C=C\CCCCCCC)NC1=CNN=C1,7.645900096
A14C1B4,C+T,CCCCCCCCCCCCNC(=O)C(CCCCCOC(=O)\C=C\CCCCCCC)NC1=CNN=C1 + CCCCCCCCCCCCNC(=O)C(CCCCCOC(=O)\C=C/CCCCCCC)NC1=CNN=C1,7.661069533
A14C2B5,,CCCCCCCCCCCCCCNC(=O)C(CCCCCOC(=O)\C=C\CCCCCCC)NC1=CNN=C1,6.667698136
A14C2B4,C+T,CCCCCCCCCCCCCCNC(=O)C(CCCCCOC(=O)\C=C\CCCCCCC)NC1=CNN=C1 + CCCCCCCCCCCCCCNC(=O)C(CCCCCOC(=O)\C=C/CCCCCCC)NC1=CNN=C1,7.249375337
A14C3B4,C+T,CCCCCCCCCCCCCCCCNC(=O)C(CCCCCOC(=O)\C=C\CCCCCCC)NC1=CNN=C1 + CCCCCCCCCCCCCCCCNC(=O)C(CCCCCOC(=O)\C=C/CCCCCCC)NC1=CNN=C1,5.985639494
A14C3B5,,CCCCCCCCCCCCCCCCNC(=O)C(CCCCCOC(=O)\C=C\CCCCCCC)NC1=CNN=C1,6.184788923
A9C5B5,,CCCCCCCC\C=C/CCCCCCCCNC(=O)C(CCCCCOC(=O)\C=C\CCCCCCC)NC1=CC(C)=NN1C,7.482807957
A9C5B4,C+T,CCCCCCCC\C=C/CCCCCCCCNC(=O)C(CCCCCOC(=O)\C=C\CCCCCCC)NC1=CC(C)=NN1C + CCCCCCCC\C=C/CCCCCCCCNC(=O)C(CCCCCOC(=O)\C=C/CCCCCCC)NC1=CC(C)=NN1C,8.918490592
A9C4B4,C+T,CCCCCCCCCCCCCCCCCCNC(=O)C(CCCCCOC(=O)\C=C\CCCCCCC)NC1=CC(C)=NN1C + CCCCCCCCCCCCCCCCCCNC(=O)C(CCCCCOC(=O)\C=C/CCCCCCC)NC1=CC(C)=NN1C,6.181522533
A9C4B5,,CCCCCCCCCCCCCCCCCCNC(=O)C(CCCCCOC(=O)\C=C\CCCCCCC)NC1=CC(C)=NN1C,6.57892897
A9C1B5,,CCCCCCCCCCCCNC(=O)C(CCCCCOC(=O)\C=C\CCCCCCC)NC1=CC(C)=NN1C,4.991844979
A9C1B4,C+T,CCCCCCCCCCCCNC(=O)C(CCCCCOC(=O)\C=C\CCCCCCC)NC1=CC(C)=NN1C + CCCCCCCCCCCCNC(=O)C(CCCCCOC(=O)\C=C/CCCCCCC)NC1=CC(C)=NN1C,7.273103166
A9C2B4,C+T,CCCCCCCCCCCCCCNC(=O)C(CCCCCOC(=O)\C=C\CCCCCCC)NC1=CC(C)=NN1C + CCCCCCCCCCCCCCNC(=O)C(CCCCCOC(=O)\C=C/CCCCCCC)NC1=CC(C)=NN1C,6.953052294
A9C2B5,,CCCCCCCCCCCCCCNC(=O)C(CCCCCOC(=O)\C=C\CCCCCCC)NC1=CC(C)=NN1C,7.20742641
A9C3B4,C+T,CCCCCCCCCCCCCCCCNC(=O)C(CCCCCOC(=O)\C=C\CCCCCCC)NC1=CC(C)=NN1C + CCCCCCCCCCCCCCCCNC(=O)C(CCCCCOC(=O)\C=C/CCCCCCC)NC1=CC(C)=NN1C,6.260970715
A9C3B5,,CCCCCCCCCCCCCCCCNC(=O)C(CCCCCOC(=O)\C=C\CCCCCCC)NC1=CC(C)=NN1C,6.325737728
A13C5B4,C+T,CCCCCCCC\C=C/CCCCCCCCNC(=O)C(CCCCCOC(=O)\C=C\CCCCCCC)NN1CCCCC1 + CCCCCCCC\C=C/CCCCCCCCNC(=O)C(CCCCCOC(=O)\C=C/CCCCCCC)NN1CCCCC1,6.472352377
A13C5B5,,CCCCCCCC\C=C/CCCCCCCCNC(=O)C(CCCCCOC(=O)\C=C\CCCCCCC)NN1CCCCC1,7.78844646
A13C4B4,C+T,CCCCCCCCCCCCCCCCCCNC(=O)C(CCCCCOC(=O)\C=C\CCCCCCC)NN1CCCCC1 + CCCCCCCCCCCCCCCCCCNC(=O)C(CCCCCOC(=O)\C=C/CCCCCCC)NN1CCCCC1,5.590666813
A13C4B5,,CCCCCCCCCCCCCCCCCCNC(=O)C(CCCCCOC(=O)\C=C\CCCCCCC)NN1CCCCC1,6.446527001
A13C1B4,C+T,CCCCCCCCCCCCNC(=O)C(CCCCCOC(=O)\C=C\CCCCCCC)NN1CCCCC1 + CCCCCCCCCCCCNC(=O)C(CCCCCOC(=O)\C=C/CCCCCCC)NN1CCCCC1,7.577642836
A13C1B5,,CCCCCCCCCCCCNC(=O)C(CCCCCOC(=O)\C=C\CCCCCCC)NN1CCCCC1,7.8815543
A13C2B4,C+T,CCCCCCCCCCCCCCNC(=O)C(CCCCCOC(=O)\C=C\CCCCCCC)NN1CCCCC1 + CCCCCCCCCCCCCCNC(=O)C(CCCCCOC(=O)\C=C/CCCCCCC)NN1CCCCC1,5.330986445
A13C2B5,,CCCCCCCCCCCCCCNC(=O)C(CCCCCOC(=O)\C=C\CCCCCCC)NN1CCCCC1,6.998670821
A13C3B4,C+T,CCCCCCCCCCCCCCCCNC(=O)C(CCCCCOC(=O)\C=C\CCCCCCC)NN1CCCCC1 + CCCCCCCCCCCCCCCCNC(=O)C(CCCCCOC(=O)\C=C/CCCCCCC)NN1CCCCC1,5.64996478
A13C3B5,,CCCCCCCCCCCCCCCCNC(=O)C(CCCCCOC(=O)\C=C\CCCCCCC)NN1CCCCC1,6.513467761
A5C5B4,C+T,CCCCCCCC\C=C/CCCCCCCCNC(=O)C(CCCCCOC(=O)\C=C\CCCCCCC)NCCN(CCN)CCN + CCCCCCCC\C=C/CCCCCCCCNC(=O)C(CCCCCOC(=O)\C=C/CCCCCCC)NCCN(CCN)CCN,8.565831373
A5C5B5,,CCCCCCCC\C=C/CCCCCCCCNC(=O)C(CCCCCOC(=O)\C=C\CCCCCCC)NCCN(CCN)CCN,8.958872283
A5C4B4,C+T,CCCCCCCCCCCCCCCCCCNC(=O)C(CCCCCOC(=O)\C=C\CCCCCCC)NCCN(CCN)CCN + CCCCCCCCCCCCCCCCCCNC(=O)C(CCCCCOC(=O)\C=C/CCCCCCC)NCCN(CCN)CCN,5.707586354
A5C4B5,,CCCCCCCCCCCCCCCCCCNC(=O)C(CCCCCOC(=O)\C=C\CCCCCCC)NCCN(CCN)CCN,5.773180892
A5C1B5,,CCCCCCCCCCCCNC(=O)C(CCCCCOC(=O)\C=C\CCCCCCC)NCCN(CCN)CCN,4.901557831
A5C1B4,C+T,CCCCCCCCCCCCNC(=O)C(CCCCCOC(=O)\C=C\CCCCCCC)NCCN(CCN)CCN + CCCCCCCCCCCCNC(=O)C(CCCCCOC(=O)\C=C/CCCCCCC)NCCN(CCN)CCN,5.990504576
A5C2B4,C+T,CCCCCCCCCCCCCCNC(=O)C(CCCCCOC(=O)\C=C\CCCCCCC)NCCN(CCN)CCN + CCCCCCCCCCCCCCNC(=O)C(CCCCCOC(=O)\C=C/CCCCCCC)NCCN(CCN)CCN,4.843267957
A5C2B5,,CCCCCCCCCCCCCCNC(=O)C(CCCCCOC(=O)\C=C\CCCCCCC)NCCN(CCN)CCN,5.93905781
A5C3B4,C+T,CCCCCCCCCCCCCCCCNC(=O)C(CCCCCOC(=O)\C=C\CCCCCCC)NCCN(CCN)CCN + CCCCCCCCCCCCCCCCNC(=O)C(CCCCCOC(=O)\C=C/CCCCCCC)NCCN(CCN)CCN,3.070572095
A5C3B5,,CCCCCCCCCCCCCCCCNC(=O)C(CCCCCOC(=O)\C=C\CCCCCCC)NCCN(CCN)CCN,5.099278707
A10C5B4,C+T,CCCCCCCC\C=C/CCCCCCCCNC(=O)C(CCCCCOC(=O)\C=C\CCCCCCC)NCCN1CCCC1 + CCCCCCCC\C=C/CCCCCCCCNC(=O)C(CCCCCOC(=O)\C=C/CCCCCCC)NCCN1CCCC1,7.711666974
A10C5B5,,CCCCCCCC\C=C/CCCCCCCCNC(=O)C(CCCCCOC(=O)\C=C\CCCCCCC)NCCN1CCCC1,9.510022359
A10C4B4,C+T,CCCCCCCCCCCCCCCCCCNC(=O)C(CCCCCOC(=O)\C=C\CCCCCCC)NCCN1CCCC1 + CCCCCCCCCCCCCCCCCCNC(=O)C(CCCCCOC(=O)\C=C/CCCCCCC)NCCN1CCCC1,6.396545847
A10C4B5,,CCCCCCCCCCCCCCCCCCNC(=O)C(CCCCCOC(=O)\C=C\CCCCCCC)NCCN1CCCC1,6.956651379
A10C1B5,,CCCCCCCCCCCCNC(=O)C(CCCCCOC(=O)\C=C\CCCCCCC)NCCN1CCCC1,8.116594304
A10C1B4,C+T,CCCCCCCCCCCCNC(=O)C(CCCCCOC(=O)\C=C\CCCCCCC)NCCN1CCCC1 + CCCCCCCCCCCCNC(=O)C(CCCCCOC(=O)\C=C/CCCCCCC)NCCN1CCCC1,8.3097755
A10C2B4,C+T,CCCCCCCCCCCCCCNC(=O)C(CCCCCOC(=O)\C=C\CCCCCCC)NCCN1CCCC1 + CCCCCCCCCCCCCCNC(=O)C(CCCCCOC(=O)\C=C/CCCCCCC)NCCN1CCCC1,5.984286908
A10C2B5,,CCCCCCCCCCCCCCNC(=O)C(CCCCCOC(=O)\C=C\CCCCCCC)NCCN1CCCC1,8.252031656
A10C3B4,C+T,CCCCCCCCCCCCCCCCNC(=O)C(CCCCCOC(=O)\C=C\CCCCCCC)NCCN1CCCC1 + CCCCCCCCCCCCCCCCNC(=O)C(CCCCCOC(=O)\C=C/CCCCCCC)NCCN1CCCC1,6.245816758
A10C3B5,,CCCCCCCCCCCCCCCCNC(=O)C(CCCCCOC(=O)\C=C\CCCCCCC)NCCN1CCCC1,6.826053619
A15C5B4,C+T,CCCCCCCC\C=C/CCCCCCCCNC(=O)C(CCCCCOC(=O)\C=C\CCCCCCC)NCCN1CCCCC1 + CCCCCCCC\C=C/CCCCCCCCNC(=O)C(CCCCCOC(=O)\C=C/CCCCCCC)NCCN1CCCCC1,7.289250434
A15C5B5,,CCCCCCCC\C=C/CCCCCCCCNC(=O)C(CCCCCOC(=O)\C=C\CCCCCCC)NCCN1CCCCC1,8.62388149
A15C4B4,C+T,CCCCCCCCCCCCCCCCCCNC(=O)C(CCCCCOC(=O)\C=C\CCCCCCC)NCCN1CCCCC1 + CCCCCCCCCCCCCCCCCCNC(=O)C(CCCCCOC(=O)\C=C/CCCCCCC)NCCN1CCCCC1,6.520974346
A15C4B5,,CCCCCCCCCCCCCCCCCCNC(=O)C(CCCCCOC(=O)\C=C\CCCCCCC)NCCN1CCCCC1,7.748319939
A15C1B4,C+T,CCCCCCCCCCCCNC(=O)C(CCCCCOC(=O)\C=C\CCCCCCC)NCCN1CCCCC1 + CCCCCCCCCCCCNC(=O)C(CCCCCOC(=O)\C=C/CCCCCCC)NCCN1CCCCC1,7.225080586
A15C1B5,,CCCCCCCCCCCCNC(=O)C(CCCCCOC(=O)\C=C\CCCCCCC)NCCN1CCCCC1,8.745211289
A15C2B5,,CCCCCCCCCCCCCCNC(=O)C(CCCCCOC(=O)\C=C\CCCCCCC)NCCN1CCCCC1,8.016389411
A15C2B4,C+T,CCCCCCCCCCCCCCNC(=O)C(CCCCCOC(=O)\C=C\CCCCCCC)NCCN1CCCCC1 + CCCCCCCCCCCCCCNC(=O)C(CCCCCOC(=O)\C=C/CCCCCCC)NCCN1CCCCC1,8.601155673
A15C3B4,C+T,CCCCCCCCCCCCCCCCNC(=O)C(CCCCCOC(=O)\C=C\CCCCCCC)NCCN1CCCCC1 + CCCCCCCCCCCCCCCCNC(=O)C(CCCCCOC(=O)\C=C/CCCCCCC)NCCN1CCCCC1,6.500969046
A15C3B5,,CCCCCCCCCCCCCCCCNC(=O)C(CCCCCOC(=O)\C=C\CCCCCCC)NCCN1CCCCC1,7.762649119
A16C5B4,C+T,CCCCCCCC\C=C/CCCCCCCCNC(=O)C(CCCCCOC(=O)\C=C\CCCCCCC)NCCN(C(C)C)C(C)C + CCCCCCCC\C=C/CCCCCCCCNC(=O)C(CCCCCOC(=O)\C=C/CCCCCCC)NCCN(C(C)C)C(C)C,5.909893084
A16C5B5,,CCCCCCCC\C=C/CCCCCCCCNC(=O)C(CCCCCOC(=O)\C=C\CCCCCCC)NCCN(C(C)C)C(C)C,8.2772874
A16C4B4,C+T,CCCCCCCCCCCCCCCCCCNC(=O)C(CCCCCOC(=O)\C=C\CCCCCCC)NCCN(C(C)C)C(C)C + CCCCCCCCCCCCCCCCCCNC(=O)C(CCCCCOC(=O)\C=C/CCCCCCC)NCCN(C(C)C)C(C)C,4.876314684
A16C4B5,,CCCCCCCCCCCCCCCCCCNC(=O)C(CCCCCOC(=O)\C=C\CCCCCCC)NCCN(C(C)C)C(C)C,5.762486989
A16C1B4,C+T,CCCCCCCCCCCCNC(=O)C(CCCCCOC(=O)\C=C\CCCCCCC)NCCN(C(C)C)C(C)C + CCCCCCCCCCCCNC(=O)C(CCCCCOC(=O)\C=C/CCCCCCC)NCCN(C(C)C)C(C)C,6.975390296
A16C1B5,,CCCCCCCCCCCCNC(=O)C(CCCCCOC(=O)\C=C\CCCCCCC)NCCN(C(C)C)C(C)C,8.358260098
A16C2B4,C+T,CCCCCCCCCCCCCCNC(=O)C(CCCCCOC(=O)\C=C\CCCCCCC)NCCN(C(C)C)C(C)C + CCCCCCCCCCCCCCNC(=O)C(CCCCCOC(=O)\C=C/CCCCCCC)NCCN(C(C)C)C(C)C,7.890402157
A16C2B5,,CCCCCCCCCCCCCCNC(=O)C(CCCCCOC(=O)\C=C\CCCCCCC)NCCN(C(C)C)C(C)C,8.171377603
A16C3B4,C+T,CCCCCCCCCCCCCCCCNC(=O)C(CCCCCOC(=O)\C=C\CCCCCCC)NCCN(C(C)C)C(C)C + CCCCCCCCCCCCCCCCNC(=O)C(CCCCCOC(=O)\C=C/CCCCCCC)NCCN(C(C)C)C(C)C,5.081579233
A16C3B5,,CCCCCCCCCCCCCCCCNC(=O)C(CCCCCOC(=O)\C=C\CCCCCCC)NCCN(C(C)C)C(C)C,6.089253739
